Fecha,WIPO1,acumu,D1,D2,D3,D4,D5,D6,D7,D8,D9,D10,D11,D12,D13,D14,D15,D16,D17,D18,D19,D20,D21,D22,D23,D24,D25,D26,D27,D28,D29,D30,D31,D32,D33,D34,D35,D36,D37,D38,D39,D40,D41,D42,D43,D44,D45,D46,D47,D48,D49,D50,D51,D52,D53,D54,D55,D56,D57,D58,D59,D60,D61,D62,D63,D64,D65,D66,D67,D68,D69,D70,D71,D72,D73,D74,D75,D76,D77,D78,D79,D80,D81,D82,D83,D84,D85,D86,D87,D88,D89,D90,D91,D92,D93,D94,D95,D96,D97,D98,D99,D100,D101,D102,D103,D104,D105,D106,D107,D108,D109,D110,D111,D112,D113,D114,D115,D116,D117,D118,D119,D120,D121,D122,D123,D124
31/12/1970,914,914,6'3391272644362,1376'18900627199,9448300,310441392,16175'2000693996,22892000000,0'774581435611673,0'311690035306711,10'0592006839544,38818002'785,36'8279241457906,551605540,32'3766344910621,226'662768230838,289'284117714272,76'1812514133995,74'3306884765625,4'77857249400438,77'362906907321,67'0865324148589,158436054,1'08111839058053,0'285237994910762,0'260320729268793,0'458845253217909,0'0698105604560094,0'00690385272705906,1826'79296549723,0'327541213303207,19'6301651851852,0'726549983024597,15'92385,28'105,67412833,19'6851509289728,1007671970,3681975908,1845234090,1834971939,1345474754,2335276447,2103319428,1381778181,195108426,811'286666692972,2987137961245'15,124973904,2,65107E+11,57'3929474755296,0'5603725601372,0'48115893007282,10'0656204223633,41'1644096374512,89'051628112793,5'0481370298326,2999279857150'27,0'208540572078323,0'194555438460303,7'30067618635411,59'9135414926633,6'53524971387725,9'02519688008589,8'38820030030839,3037991262176'78,4'96968270197622,10481630500081'3,2220546762254'49,27'3584458177435,197800003'051758,6'99616969095667,7'5599720889014,58'5797580321108,27057171'7995393,37'4859596951463,15272289'2383035,1269938'92845647,2874648'92169786,6,188479216,14300965,28'3541401093571,1'7887706712072,3'91743115004721,1'78834160769139,2'62105632131761,2'09125276275897,74'6326606974366,14238'1604938272,25'0120689681085,2794787769'17636,731652948'229936,1245915039382'72,28'2389219258382,0'001044178431858,0'219186615875768,129856729'698,25'6630664179674,899887358588'451,289601957211'21,9'69496424231083,5'22926963597332,331843991934'156,6'3391272644362,6'3391272644362,0'3502,0'2865,0'0189,0'3054,0'1069,0'6946,0'2433,0'0403,0'1321,0'523577435897436,1'04407538461538,6,67841E+15,6,68313E+15,3,70044E+12,1,85539E+12,1,84505E+12,2,34636E+12,1,35422E+12,6'3391272644362,331843991934'156
31/12/1971,1317,2231,6'34098858446953,1337'611996393,9504500,331604904,16370'2000291157,29869000000,0'784337504978396,0'303512339092425,10'0137834852161,38966564'067,36'968872658868,564258870,31'5689562954062,219'358848178153,282'934475994441,76'1639754438101,74'3015899658203,4'66926833061356,77'3712968237606,67'0834592968348,158436054,1'05124587781961,0'197423295964235,0'253218325304283,0'510680505710189,0'0784494497699231,0'0114743010709765,1976'43274270124,0'326640641829793,19'6668988888889,0'728450000286102,16'24282,28'23694,67848380,18'0448792320219,1115215163,3760516757,1885029034,1873681546,1381496807,2377767005,2148672042,1408244023,201794523,877'441432114114,3299633208751'21,128474832,2,91161E+11,60'6412247255158,0'478713434164274,0'471418926419268,9'93196964263916,42'7315902709961,89'1824417114258,3'73165860669909,3310663659485'84,0'214363532000533,0'202887791940672,6'11749698576018,61'5544501324114,6'15589260382995,10'5070189299331,5'51895171423,3366302540507'86,4'48939762413781,10960565891270'3,2469760716558'27,27'1553122597571,236339996'337891,5'74130056835774,6'77705959155591,59'1104588625054,25652776'2792788,36'0159750058948,15913710'7777326,1199396'69179683,2840961'46721444,6,198245584,14599792,28'9589692835735,2'11219820908393,4'29037072867385,1'81950869476653,2'67727453769824,2'13311686340344,74'6596252779862,14183'3703703704,25'1646731451314,3200194146'52906,1195651034'54158,1254757447037'04,28'1630455473066,0'0993248840369425,0'226231075408101,129856719'698,25'1504467221379,918284284089'623,303841117739'885,9'20833009360086,2'04435869951863,334376560617'284,6'34098858446953,6'34098858446953,0'3513,0'2845,0'019,0'3035,0'1066,0'6965,0'2447,0'0409,0'1349,0'523469743589744,1'02304307692308,6,82241E+15,6,84506E+15,3,77576E+12,1,89358E+12,1,88218E+12,2,38696E+12,1,38883E+12,6'34098858446953,334376560617'284
31/12/1972,1644,3875,6'27113042978967,1372'43415431189,9421500,418331166'666667,16586'7000564065,29355000000,0'792798715729727,0'297040093818923,10'0077260195522,39053179'3,37'0510825568293,553063945,31'0708087092494,212'297947624768,276'468377252919,76'0487338375407,74'4429092407227,4'53970360967468,77'3617856061017,67'1127755435896,158436054,1'09242740214079,0'178550595150289,0'258631553444646,0'559016395825241,0'0737018841840979,0'0225269735365114,1965'76554775723,0'326822845091338,19'7201666666667,0'735520005226135,16'45203,27'836,63951403,19'828744088541,1087195614,3836900801,1923739624,1911315351,1417515045,2418101600,2193875387,1433034031,208145557,991'63709303735,3804813156576'32,127439600,3,49557E+11,64'804680369591,0'503104975639108,0'422971583791058,10'1274099349976,44'5751304626465,90'1567306518555,5'49119105433604,3826249886638'86,0'217403001964816,0'204386747947562,5'46237260911993,61'9430239963552,5'92817698118007,10'2341342645976,8'23469937104323,3877573135796'14,4'2226803169154,11611819878031'4,2837085864175'39,27'3245707070437,263750000,5'40662276732434,6'7230077431316,59'5965070796805,27508882'4620559,34'5672062863689,16680140'7889655,1251832'91770806,2871562'41753641,6,209995104,15302541,29'5472099144676,3'52752607124722,5'63038895356713,1'69632242836173,2'60718937731139,2'03121137162374,75'1428406329252,14281'7777777778,25'3891002495052,3547765857'68262,1444333426'30497,1228278987777'78,27'9232429314731,0'186407155816521,0'20759909805274,129856619'698,25'4342921078344,920258618334'763,337965645055'861,8'88258190738522,0'215002508411374,325299052962'963,6'27113042978967,6'27113042978967,0'3521,0'2837,0'0191,0'3028,0'1066,0'6972,0'2455,0'0416,0'1375,0'516228205128205,0'989002564102564,6,82873E+15,6,80805E+15,3,85165E+12,1,93207E+12,1,91958E+12,2,42681E+12,1,42473E+12,6'27113042978967,325299052962'963
31/12/1973,1794,5669,6'40526277904939,1418'52086811108,9764900,401571800,15568'7001226766,33324000000,0'806046293487468,0'292661308523098,10'0637545759737,39200076'9,37'1904740165183,569014415,30'4496357534254,207'632490030349,271'733225822587,75'8322429491639,74'9105911254883,4'41046992617455,77'3556382921007,67'0633624041522,158436054,1'51739361661733,0'298560886620676,0'370044026964473,0'722784534091408,0'0737006603634522,0'0523035085773178,1998'99829437643,0'329160152988489,19'50343,0'751489996910095,16'49009,28'36033,64732237,21'1818294663555,1137462946,3912984371,1962314336,1948785837,1454827837,2456842164,2240153070,1456625139,214321972,1186'25922313482,4641813800081'13,119880720,4,88554E+11,64'6056009373377,0'651654914928731,0'480554014883356,10'3544101715088,45'960090637207,92'9097671508789,5'92156142846267,4665412067195'54,0'223653076563225,0'202612663810439,5'63581619274341,60'5752633434123,6'27505221697761,10'8501827869325,11'4109498156519,4728169639190'91,3'77055638951354,1,22449E+13,3402074218758'93,28'6008028703706,256260009'765625,5'51257882085395,7'31615723330304,60'0473247630041,28423385'4850892,33'8081021696004,17582029'2044394,1290757'19419377,2911944'72777274,6,220505920,15827891,30'1331305975725,4'35424784838602,6'42353348613322,1'60210654506825,2'6322677936727,1'98294336877748,74'0955161813983,14249'3333333333,28'4210827197015,4143925270'3586,1791036738'54603,1254708683333'33,28'6304772987348,0'310717178398187,0'227047472822266,129856549'698,26'7080851304404,968109047676'13,426043992688'127,9'17839471890665,5'19967196047067,335856362222'222,6'40526277904939,6'40526277904939,0'3534,0'2839,0'0194,0'3033,0'1072,0'6967,0'2463,0'0425,0'1402,0'5321,0'999656923076923,7,09126E+15,7,19257E+15,3,92778E+12,1,97069E+12,1,95709E+12,2,46536E+12,1,46218E+12,6'40526277904939,335856362222'222
31/12/1974,2267,7936,6'34657254456954,1391'12643629809,9254900,421145200,16955'1999082641,34209000000,0'816568492079325,0'285969579774909,10'0309909483149,39287595'7,37'2736723460963,569158990,29'605865296125,202'732298165895,266'71786100884,75'4633974533568,75'0494689941406,4'28877081249759,77'3964665730794,67'0742399427626,158436054,4'12963541909517,0'417461115300528,0'323901970827222,2'83469953957224,0'15573481347799,0'397837979917183,1980'46658339351,0'323938927409552,19'7771,0'763670027256011,16'37319,28'48107,68411940,19'8525207498347,1127199866,3988487336,2000601792,1985962300,1493546941,2493594794,2288129226,1477989661,220445210,1341'34001436022,5349917660545'79,119205880,7,01517E+11,60'7645776830415,0'479534983329982,0'497521302716398,10'674750328064,46'1739501953125,93'9335098266602,-1'50246935529157,5368062116794'58,0'239809792360433,0'230822276983112,5'74534526258222,54'7198682537392,4'95485298445349,19'3260427690618,6'92759044489242,5454528423105'14,3'78545862099607,12402343588906'1,3922082383838'55,28'7551265806769,268649993'896484,6'07858478730032,5'93285182931256,60'5406630558615,27783247'4449263,33'8752010487919,17563629'9320008,1257337'90967694,2915398'21767966,6,226204464,16277946,30'7146753950668,-0'121418520377659,1'80578801221026,1'49592963433038,2'66142171707703,1'92954936287425,74'7405190196351,14019,33'2696421231016,4892143914'95345,1951501554'44964,1,28128E+12,27'935416411712,-0'117507102061147,0'266704064376568,129856079'698,26'6889206022206,997203230219'099,489830402939'137,9'15584937972979,3'0052588200479,341974266666'667,6'34657254456954,6'34657254456954,0'3542,0'2826,0'0196,0'3022,0'107,0'6978,0'2472,0'0431,0'1425,0'534613333333333,0'98531641025641,7,21211E+15,7,24672E+15,4,00379E+12,2,00926E+12,1,99453E+12,2,50231E+12,1,50113E+12,6'34657254456954,341974266666'667
31/12/1975,2656,10592,6'06155596575008,1366'35966568157,9244700,432276500,17236'2001382789,35207000000,0'826566756968532,0'280222495584743,10'0188426126806,39375239'4,37'357007636779,577997250,28'9826774470346,198'16064174693,262'606807980875,74'9111689574936,75'6375885009766,4'15688867007511,77'333251953125,67'2007242838542,229134059,3'78828998810165,0'234765347715034,0'351044285296652,2'4376450296932,0'418058889368534,0'346776436028236,2094'19826603293,0'327369454875973,19'87997,0'774550020694733,16'47001,28'62487,68160736,18'7486579123598,1210443643,4062507027,2038133671,2022412506,1530457371,2530673774,2337850923,1496154552,226540705,1466'95722309545,5959524027133'65,115882984,7,27997E+11,61'9060756761717,0'564792443546281,0'487274942352722,11'1643695831299,46'6647605895996,95'2700729370117,0'427148182171152,5978109323966'66,0'246365097468896,0'230343171927493,4'72780557679383,56'1041502135295,4'21959754529525,19'1213973499188,-2'54948628698128,6066664182541'12,3'80393439273976,12701568627254'2,4497272444787'29,26'3623831185739,394260009'765625,5'31305625245561,4'86003324800473,60'9854557146271,28245747'2515839,34'8441229324249,17641960'0906793,1338975'61810359,2979621'94592164,6,233848832,16743671,31'2848139613584,-1'23262962089179,0'600328495925481,1'48696893694269,2'47132707963547,1'8558336723775,76'5924866977421,14577,31'4682731459259,5884249672'06583,3432842292'2562,1,14884E+12,27'2038350839727,-0'0245301805832661,0'307499401473434,129855559'698,24'5363820279731,1031245292393'62,527657324210'977,8'85401790157332,3'41375370064101,2,98067E+11,6'06155596575008,6'06155596575008,0'3547,0'2819,0'0198,0'3017,0'107,0'6983,0'2477,0'0437,0'145,0'532301538461538,0'962864615384615,7,43981E+15,7,39502E+15,4,07948E+12,2,04767E+12,2,03181E+12,2,54046E+12,1,53862E+12,6'06155596575008,2,98067E+11
31/12/1976,3053,13645,6'80765982682857,1421'09806421671,9562900,471773396,19300'3003769074,32681000000,0'840511324101755,0'276443774995414,10'0672196221776,39376387'433,37'3581712567639,588954609,28'1478513853306,193'392146124244,257'888983754533,74'4922890557553,76'1631088256835,4'04038291833104,77'3371963500977,66'9151229858398,243357486,4'01992089352803,0'231351269398204,0'326637045660542,2'68674651674405,0'428352597017413,0'346833464707826,2102'95540423795,0'336172076679942,20'2779,0'77581000328064,16'72747,28'63334,71736517,19'5443599437883,1238538558,4135432265,2075110797,2058321439,1568425508,2565599507,2385361867,1514176474,233893891,1566'7822235966,6479321759689'83,114983880,8,3618E+11,62'4028932496841,0'503203364908866,0'342914485121626,11'6756296157837,48'2823791503906,95'8758087158203,4'82678362324005,6489325866659'12,0'252413183793898,0'216291458517751,4'68276958469298,56'4811800355593,4'71660771170029,20'3800296292731,8'90401628305027,6601203609781'83,3'66692311756123,13328988382418'5,4843606441965'72,27'2356471602914,353230010'986328,5'13225683780585,5'50197430940493,61'4088030210071,29669095'513181,34'4822561283315,18580873'0444116,1364746'83156343,2992540'35665191,6,247972128,17155078,31'8464528001167,3'44064396440035,5'29748594149541,1'38009621622611,2'48083597226831,1'79507967654773,70'9535428268177,14152,32'1548172390089,6106489536'6918,3746375521'46036,1,334E+12,30'7521804005196,-0'196825516021804,0'273388494845823,129855349'698,25'2451626634824,1043842775155'33,537045474450'961,8'28860634444969,1'22157966243648,3,67528E+11,6'80765982682857,6'80765982682857,0'3548,0'2829,0'0201,0'303,0'1075,0'697,0'2473,0'0446,0'1472,0'531625641025641,0'944222564102564,7,52388E+15,7,58287E+15,4,15467E+12,2,08582E+12,2,06884E+12,2,57691E+12,1,57738E+12,6'80765982682857,3,67528E+11
31/12/1977,3124,16769,6'17050184112996,1445'22193129666,9915900,513269292,21322'8000910735,37202000000,0'853798378644135,0'27127872765465,10'0577218790188,39379694'067,37'3613580359545,583008670,27'8224340862894,188'43555294706,253'358967297972,73'884883447638,76'8675994873047,3'93673720721487,77'5189514160156,67'1068725585938,259049098,3'97442730243035,0'22871884272882,0'379745906892536,2'6348048305797,0'401353254876767,0'329804467352534,2151'86257907828,0'30827525067274,20'87687,0'800830006599426,16'98142,28'73086,71365632,19'1345939210044,1254554130,4207786422,2111800245,2093948344,1606765720,2599582989,2435473754,1529014780,241260067,1741'63340507754,7328421393986'89,117273048,9,51543E+11,62'670713378332,0'445066670103861,0'410074728591422,11'7589502334595,49'2983207702637,95'8727111816406,3'52561050548499,7332184530688'49,0'266087799475763,0'233613833564125,4'52980066545044,57'0491519821761,4'82950090578089,19'7991142495546,5'41824196532659,7471978455976'04,3'75430725555002,13821548262928'1,5469303787562'13,27'4673717216208,319389984'130859,4'91744396763143,5'10341641871233,61'8326642605611,30900189'2373864,34'4406229765676,19183226'4214156,1427819'80695789,3022537'34189642,6,267512656,17420846,32'4036781565092,2'28697811000767,4'07660676282447,1'32458249649952,2'44450321704409,1'74961533313858,76'6755275343455,13328,32'4252995336697,6873143797'72066,3972456796'71271,1,36101E+12,25'8502337506435,-0'371544547306002,0'252911521464173,129855209'698,25'3685958609066,1070513980827'8,602907768844'374,8'22698008795006,2'55509798096813,3,60328E+11,6'17050184112996,6'17050184112996,0'355,0'2826,0'0204,0'303,0'1075,0'697,0'2474,0'0453,0'1497,0'537762051282051,0'938240512820513,7,71529E+15,7,74722E+15,4,22951E+12,2,12381E+12,2,10569E+12,2,61278E+12,1,61642E+12,6'17050184112996,3,60328E+11
31/12/1978,3215,19984,7'60288107923917,1476'54911624876,10183700,576090004,23579'8997770252,40233000000,0'865446342860795,0'268580591203127,10'1375445253177,39533523'1,37'5073028360451,580794013,27'5520991830372,185'680181733241,251'631097803497,73'1228509316066,77'3679809570313,3'84307225254028,78'0389022827148,67'5801773071289,275751802,3'34129171879213,0'134715204624832,0'352421315139203,2'27258787969201,0'295079942836227,0'286487376499857,2313'03451029599,0'337661037275236,20'23921,0'811999976634979,17'15189,28'57155,73709110,18'9480295946879,1343389391,4281339378,2149089760,2130173711,1649217794,2630653393,2488945174,1541826613,248491687,2015'9382697422,8630915897864'47,124840944,1,10985E+12,66'1692844428116,0'497101882675886,0'433083369395691,12'0469999313354,49'1703491210938,94'6550064086914,4'53008295755495,8633877302883'19,0'273228603146276,0'238269861171237,4'26059294651885,60'3978895490096,4'4168800903565,17'4906151473026,2'38310573540397,8818514290240'09,3'56789638818104,14378618005491'3,6429507020240'17,27'8246588856489,414369995'117188,4'56628624314699,4'93600692743746,62'1934226308877,31442011'2793285,34'195165188363,19921141'7148437,1446191'64479299,3002825'72720738,6,281977344,17601152,32'9701009913809,2'32501107302798,4'11367292093058,1'1952072363711,2'64208238149368,1'74802018504161,82'1483897320631,13712,32'0247789269018,8241372392'04066,4765222565'41021,1,5245E+12,23'0998692288557,-0'248633236074213,0'288315320479622,129855209'698,25'5060865344428,1088393685886'92,630809237456'573,7'30871723141981,1'67019818323999,5,40797E+11,7'60288107923917,7'60288107923917,0'3561,0'2834,0'0206,0'3039,0'1082,0'6961,0'2479,0'0461,0'1518,0'551487692307692,0'945414358974359,8,03619E+15,8,10956E+15,4,30453E+12,2,16189E+12,2,14265E+12,2,64507E+12,1,65931E+12,7'60288107923917,5,40797E+11
31/12/1979,3140,23124,6'92186095659948,1493'37569619979,10653400,648400600,25626'6997091254,33612000000,0'878474766174012,0'264765599033504,10'1755588798225,39606129'1,37'5761982400135,575497766,27'4133640416754,182'688753486296,249'904418135959,72'2574890687221,77'7566070556641,3'77341511982795,78'5390319824219,68'0311584472656,294226296,5'45826667276933,0'211196397429398,0'368573205098045,3'92080493618643,0'267524269848098,0'690167864207355,2347'33080821655,0'36257994209185,20'13672,0'820070028305054,16'96355,28'60349,74298328'5,17'5402024219792,1350873051,4356778367,2187311991,2167350392,1695889127,2659389683,2545630451,1553827901,255204029,2300'96674678592,10024802145583'3,124774688,1413094348925'1,64'5471913015583,0'686533586289015,0'452787041546282,12'2055101394653,50'1379508972167,95'2126007080078,1'77885707211232,9999875471677'43,0'271880532891817,0'213196939231867,4'57036740391689,58'5104953257916,4'31024793659233,20'0390081137976,6'90176317149455,10241317793490'6,3'5025667983117,14913103184749'7,7447495773334'1,28'0217936608583,511119995'117188,4'78503281038927,4'94235229241056,62'5554720564053,32923407'1457213,34'5789088784068,20459807'5986511,1538543'2735354,3039479'45825945,6,294332352,17910892,33'5510557001455,2'38424445559724,4'18829762899161,1'09236321578759,2'82990719417377,1'7620417897177,87'1107120489842,14099,34'2747733681573,8842567258'79178,6073480977'17027,1,95633E+12,25'3602576264386,-0'363027526164696,0'282173611516902,129855179'698,25'7092991444692,1101789253842'59,732172026799'624,7'30360575866532,1'23076494556817,6,06436E+11,6'92186095659948,6'92186095659948,0'3566,0'2837,0'0208,0'3045,0'1086,0'6955,0'248,0'0468,0'1536,0'536748205128205,0'899624489795918,8,22823E+15,8,19337E+15,4,38051E+12,2,20042E+12,2,18009E+12,2,67456E+12,1,70602E+12,6'92186095659948,6,06436E+11
31/12/1980,3048,26172,8'96825144162043,1454'89455333286,10704900,641872888,26825'20036263,37666000000,0'893777898632197,0'260889285792702,10'2078069333081,39753927'48,37'7165181326614,584934803,27'4214529443903,179'898117751974,248'217855448191,71'3394363908262,78'7359313964844,3'71365239125587,78'9817199707031,68'3170700073242,310828488,6'12938891759919,0'298455854592017,0'364827473555419,4'47191109228123,0'342152453029,0'652042044141532,2314'04893129996,0'416530229297427,20'26904,0'826770007610321,16'82469,28'34571,75604495,15'7899399812563,1353568870,4432963653,2225874034,2204933267,1743754296,2687679580,2604262669,1565443352,261101284,2549'38764973369,11301342788676'5,119971408,1706331134779'27,63'8902364900994,0'546611381154169,0'515638026703731,12'3903903961182,49'5102005004883,96'5513763427734,0'307783833407555,11242590844087'8,0'283746827094828,0'216589116986701,4'78364713333947,55'1768671191438,3'75251381181731,24'0295245252262,1'72267148987102,11519561206413'1,3'52335076597943,1,51755E+13,8,43612E+12,27'4551109610893,651479980'46875,5'40219964852333,4'56948087484148,62'8417446580696,32794095'6937495,35'8446017067872,20396427'1153306,1570804'16109953,3072596'42953274,6,296847040,18534788,34'1378209211313,0'0613919868260666,1'81112656681196,1'06377403736057,2'82242324913497,1'74866104222924,89'0229269644103,17273,37'1382661706262,10161310991'0989,6786328378'60644,2,52574E+12,29'5525997080961,-0'473852762949953,0'301743795384493,129854909'698,25'3529253181344,1126335630694'27,776338906042'165,6'86943950430408,2'22786497200546,8,16098E+11,8'96825144162043,8'96825144162043,0'3578,0'2835,0'0211,0'3046,0'109,0'6954,0'2488,0'0474,0'1555,0'535875510204082,0'882586294416244,8,23423E+15,8,20591E+15,4,458E+12,2,23969E+12,2,21831E+12,2,70421E+12,1,7542E+12,8'96825144162043,8,16098E+11
31/12/1981,2758,28930,9'6505892080962,1414'45108686558,10270100,640619400,28360'5003017262,42561000000,0'901624028358585,0'255995703633347,10'1989855685832,39773318'9,37'7348870915919,595193203,27'8917889883332,176'654835156964,245'552716516354,70'5223013342798,79'4055404663085,3'65661401193735,79'3832931518555,68'8756866455078,336615291'1,4'81027388658121,0'204431074143791,0'289461597016717,3'36568862838473,0'552258930198744,0'398433656837231,2458'03048536577,0'388702268255606,20'57577,0'828679978847504,16'70502,28'16444,78127363'033,14'4528016509899,1463008229,4511164132,2265417634,2243548765,1793552547,2716050910,2663754578,1577945367,267266455,2591'72584105378,11691700654139'3,116489968,1751846642602'27,65'3246444545501,0'480846949408132,0'638383745471955,12'6599903106689,48'6686401367188,97'4474182128906,1'92929120724459,11633609575536'4,0'31225880361441,0'241556055205185,4'12506559323297,55'5577230078814,3'3500650835306,24'885632155409,1'24247113900722,11762556944712'6,3'80078532281159,15420602685239'4,8682023218783'31,26'5595452169046,780900024'414063,4'3821006174541,3'96219796052196,63'1825086961865,31746296'0400461,36'3454683591439,19879068'5697331,1523332'91131667,3027894'33923638,6,297929376,18965250,34'7400137837713,0'161842265070788,1'92876495060877,1'05560685920751,2'85580664169443,1'76406767844979,87'8759593015638,17335,37'413856462074,10342294419'9473,7118524944'46236,2,34272E+12,27'5540272621368,-0'546588765904055,0'280470221516529,129854989'698,25'7419987424197,1175547827061'37,808970991997'926,6'91919008131223,4'36923018556776,8,96015E+11,9'6505892080962,9'6505892080962,0'358,0'2832,0'0212,0'3044,0'109,0'6956,0'249,0'0485,0'1594,0'548088265306122,0'886969543147208,8,50965E+15,8,46055E+15,4,537E+12,2,27967E+12,2,25732E+12,2,73363E+12,1,80422E+12,9'6505892080962,8,96015E+11
31/12/1982,3053,31983,8'78028371736364,1383'89581586852,10335800,654482108,29046'2997858752,41921000000,0'908299210601301,0'253871037733842,10'3029174699616,39925312'3,37'8791732987512,585551387,28'0918740191974,173'280891416513,242'625018013497,69'7125982782204,79'769660949707,3'62715510086944,79'8686370849609,69'3810501098633,351911500,3'44225838453166,0'169341735505278,0'372912212480853,2'19602349997533,0'618621647624475,0'0853592889457238,2555'61754107825,0'403250753882262,20'23722,0'841180026531219,16'57014,27'80012,80334531'738,12'9028825972221,1496445993,4592387213,2306485076,2283663863,1843335917,2747460924,2725600342,1592068848,272479750,2520'56124573134,1,15754E+13,115103024,1623758232930'43,68'1103481614487,0'342826520793866,0'602360247510048,12'8341703414916,47'8161201477051,97'925048828125,0'89229458997535,11533577772599'9,0'286540041061205,0'216510384072798,3'73586515147393,57'7417764130124,3'23249209638042,23'1574315360602,-3'26666758314427,11668941525069'5,4'32869506473124,15645742142620'8,8791381479847'57,25'0643954405188,706140014'648438,4'07846822511423,3'67146793297184,63'5089205882728,33745859'0740204,37'2928852655219,19815965'2481063,1599160'9042647,3071454'17628167,6,297702208,19461060,35'3655670664703,-1'35870873712399,0'417318327233147,1'15645895606573,2'7756850549637,1'80049048590014,86'7384660957147,16968,36'7406620813834,8267143622'53214,7192452903'75402,2,70243E+12,30'814279998047,-0'752710240087911,0'257312606673351,129854759'698,24'051120322544,1238040335824'4,808165167087'521,6'9817512953272,5'31603285927105,8,02889E+11,8'78028371736364,8'78028371736364,0'3593,0'2845,0'0213,0'3058,0'1099,0'6942,0'2495,0'0492,0'161,0'565167346938775,0'903221428571429,8,82336E+15,8,74411E+15,4,61739E+12,2,32033E+12,2,29706E+12,2,76464E+12,1,85413E+12,8'78028371736364,8,02889E+11
31/12/1983,3081,35064,14'6129521427595,1374'39430984338,10758700,685101596,32407'8999070598,40356000000,0'907769628217294,0'250275479982395,10'3445533323151,40004627'8,37'9544383491608,578693906,27'4871068047757,171'132665840544,240'233054535661,68'9160313907232,80'2584609985352,3'59456809997026,80'2021179199219,69'924217224121,368580318,3'57213460360175,0'180523992165693,0'292625411113456,2'47165268869615,0'352037280590195,0'275295231036253,2465'38971598934,0'395220620587017,20'1027,0'84103000164032,16'56853,27'42866,81035539'376,11'9763665821851,1426699487,4674330282,2347917129,2324131182,1892420773,2780287213,2788328069,1606575837,277144402,2525'02459946684,11802798948082'8,114488576,1573964416427'17,71'5718445390472,0'3872376795789,0'477936408636215,13'0206699371338,47'7340812683105,98'0385894775391,3'8562374904887,11748074332438'7,0'294280866951628,0'230692170048843,4'034361518722,58'9651433067155,3'41190831316196,21'1266433469125,2'06528100089915,11908313675757'5,4'18099386743424,1,6149E+13,9061066795442'54,24'3395868269089,612570007'324219,5'31843457370295,3'66832391009666,63'757035400087,33241117'3684698,38'0500905914505,20034812'1214878,1615048'29219568,3062602'59682118,6,302006240,19873204,35'996614469393,0'822268013471231,2'62126397817939,1'19478638306558,2'66282751544738,1'78432403887979,91'7358897801402,18876,35'9039920273854,8824069778'63065,7468019494'59403,3,34077E+12,36'8459444509069,-0'589498163208482,0'242357937303667,129854719'698,23'2295082268227,1285457378408'41,808449975794'097,6'8496462521326,3'83000789327559,1,38677E+12,14'6129521427595,14'6129521427595,0'36,0'2849,0'0216,0'3065,0'1103,0'6935,0'2497,0'0498,0'1626,0'5731,0'899891878172589,8,90162E+15,8,79057E+15,4,69957E+12,2,36189E+12,2,33768E+12,2,79771E+12,1,90382E+12,14'6129521427595,1,38677E+12
31/12/1984,3202,38266,17'7282302399039,1405'79833886947,11404000,732410288,36841'9996042477,37799000000,0'916174208144473,0'249968090849605,10'5180519804433,40305203'8,38'2401504027178,590946786,27'2215451148959,169'010211235938,238'003506015843,68'1399883853025,81'2351913452148,3'56419512849651,80'6218109130859,70'4552917480469,385179968,3'37225021634908,0'128694446565126,0'230326667050685,2'43740681704055,0'27578271563515,0'300039570057563,2716'84966519185,0'365400363529742,19'94209,0'843389987945557,16'6426,27'23172,87846404'861,10'8671471818559,1605516213,4755996689,2389231336,2364436648,1942474557,2811866065,2851150997,1620614375,281902607,2572'3022758082,12233861106850'9,113575120,1675566178119'18,74'0958924438382,0'470186533791854,0'510915377364157,13'3584499359131,48'0285491943359,98'413230895996,6'007751146318,12214298143381'9,0'275810332560509,0'222750334509694,4'26525512112073,61'1692936868747,4'06696586507089,17'8107995890637,6'84336464562922,12327744271344'8,4'18257600422842,1,673E+13,9281248939981'38,25'1137392668352,591419982'910156,3'90491466454607,3'98676204075669,64'0215709480211,31878367'2356042,38'539006596887,20636636'7592607,1603189'72406683,3035226'3376352,6,308495296,20173352,36'6259404054492,2'88027826816646,4'67772563932793,1'1358125826837,2'64496060887407,1'74712530080474,95'5006969341539,19829,37'1720915129644,8905514997'21519,7760976071'45289,3,2875E+12,34'7230596876386,-0'535586883452069,0'241399382005024,129853230'698,24'1347530520524,1360854166575'57,823550160174'845,6'7317272362497,5'86536663397683,1,74676E+12,17'7282302399039,17'7282302399039,0'3623,0'287,0'0215,0'3085,0'1118,0'6915,0'2505,0'0503,0'1629,0'587596954314721,0'90636192893401,9,35391E+15,9,2094E+15,4,78401E+12,2,40465E+12,2,37937E+12,2,83138E+12,1,95511E+12,17'7282302399039,1,74676E+12
31/12/1985,2935,41201,23'8197641211516,1415'90104581321,11897900,783198104,37061'7001747789,34362000000,0'936906517949349,0'248609920667888,10'6151098870681,40591354'57,38'5116766609466,595331876,27'2537786440785,166'669495481015,234'402472003216,67'4004235600241,81'6223983764648,3'53598416700408,80'9843673706055,70'934196472168,403506348,3'11230834289405,0'140915567701071,0'205420006135361,2'20790644693272,0'297290428702896,0'260775893422007,2726'03678768059,0'388096265216663,19'78017,0'847940027713776,16'78841,27'14291,90734456'097,9'16348208950193,1622898714,4839176734,2431378185,2405418710,1993865001,2843618667,2914714521,1634832512,287249869,2658'93733823002,12867067704326'6,110186840,1700002471629'45,75'4320319721417,0'425974923140371,0'363337089696566,13'4169397354126,46'8848114013672,98'798469543457,4'99492241855484,12824394346806'4,0'31550092222689,0'254934306668007,3'95834581755905,61'0888754684796,3'64194940239827,16'5179443999202,3'78681233876834,12932091500981'2,4'23458116146425,17338386457302'8,9791975933158'61,24'6253864878016,628299987'792969,3'5919517462901,3'67832485498558,64'2791076959889,31931144'3372082,40'1368228649111,21429383'1637637,1606894'30860223,3026622'0555182,6,305107744,20346938,37'2665388041702,1'93000752769328,3'71271327107902,1'12923593322003,2'64561735518269,1'74895086012958,91'419502690963,20555,36'7050904074337,9694745388'06038,8087870780'65019,4,68498E+12,46'9653381544476,-0'523576080385567,0'245079327749711,129853130'698,23'8989320786274,1397376744652'52,851887607605'946,6'62068178377187,2'68379808608412,2,47137E+12,23'8197641211516,23'8197641211516,0'3647,0'288,0'0218,0'3099,0'113,0'6901,0'2517,0'0507,0'1636,0'617010152284264,0'934746700507614,9,55149E+15,9,36615E+15,4,87092E+12,2,44872E+12,2,4222E+12,2,86584E+12,2,00794E+12,23'8197641211516,2,47137E+12
31/12/1986,3178,44379,32'5147630875228,1417'91037283217,12677000,842594296,40331'8000859544,36374000000,0'963447481149542,0'245115900805383,10'6568506296474,40601740'92,38'5214943235936,594791616,27'3320712252374,163'731483642765,229'810854377417,67'0825702874528,81'7615966796875,3'49952424712173,81'3117904663085,71'3755569458008,420358576,1'52323787239339,0'0992392236011214,0'228313253561842,0'927480299607479,0'159743084884622,0'10846201073833,2718'43377335164,0'394019983786587,19'78676,0'841910004615784,16'7685,26'93052,97605975'021,9'25683258462387,1616900332,4924747934,2474819348,2447494834,2047040177,2875976196,2972772337,1655397047,294144793,3089'33529163621,15214197594918'7,105939856,1845331553703'38,83'7151354192921,0'670794966319023,0'568008468136453,13'3122797012329,49'6958885192871,100'174331665039,3'59129898755992,15130288926885'2,0'312159897104859,0'250704148549055,3'67468635646604,66'5660616594472,3'63013032222077,10'6313162184613,5'07836954175001,15310582307074'5,3'91682717067151,1,79745E+13,11616049426811'8,24'5042906218064,752960021'972656,3'3635091665657,3'78033240406149,64'5794951843187,32849036'7814554,40'1040082481315,21729229'4761357,1624808'88523884,3043764'03722836,6,326216928,20790332,37'9254940945867,1'64804282199424,3'44548595747973,1'1378997252869,2'66693963599995,1'76830078138659,93'3358714607306,22094,34'2788040993362,11904440896'0852,10389497996'6606,6,45561E+12,53'4748388006951,-0'414645879822221,0'243847943788708,129853230'698,23'6499371436364,1429754212254'69,912930760031'045,6'00051862305213,2'31701777820963,4,09112E+12,32'5147630875228,32'5147630875228,0'3651,0'2888,0'0224,0'3111,0'1136,0'6889,0'2515,0'0514,0'1653,0'60312385786802,0'897190862944163,9,6864E+15,9,54937E+15,4,96057E+12,2,49428E+12,2,46629E+12,2,90103E+12,2,0626E+12,32'5147630875228,4,09112E+12
31/12/1987,3176,47555,46'9492183135397,1444'24167082796,13244800,904838104,45392'7001377273,36890000000,0'993793008492882,0'2405957441418,10'6528835465908,40760853'6,38'6724878231416,578047181,27'2754901508783,161'57489680834,227'253805575603,66'7238665763743,81'5761108398438,3'4551605712222,81'9102172851563,71'9619827270508,441038287,1'80633462958174,0'114232761217309,0'224432250898321,1'2464047568576,0'0681362062118313,0'153128654396673,2700'12652305383,0'397584052333843,19'76547,0'845269978046417,16'69962,26'83477,99566884'741,8'84636920904252,1560806624,5012556248,2519462522,2490602390,2101834427,2908949547,3032843878,1675813513,301407523,3454'70538529227,1,73169E+13,104804848,2174415467002'17,88'5611634533307,0'915900932582873,0'847825880070762,13'4211301803589,50'5153694152832,99'3859481811523,2'7411040284365,17258176151616'9,0'295385755793274,0'235783043490197,3'67668769673614,70'5994274647107,4'10631379457264,10'235317058486,6'58607490935732,17411165875748'6,3'78909587629204,18584169258995'6,13172718752250'7,24'7331546506156,769000000,3'63299149428655,4'14162971526944,64'8305562467829,34762053'6776419,40'6279997704565,22365639'629262,1707141'46016781,3073432'28118808,6,333991936,20787468,38'6017328580271,1'92377501332979,3'74107712916955,1'14650987187794,2'67675498584022,1'78300118456379,97'6249478532087,23783,35'6029791432181,15697460650'9934,13475145515'6091,7,75967E+12,55'5198901241417,-0'256575443118141,0'235810830066694,129853140'698,23'9314490462824,1463559657401'69,951380943226'51,5'49394328667772,2'36442353918218,6,83858E+12,46'9492183135397,46'9492183135397,0'3663,0'2877,0'023,0'3107,0'1138,0'6893,0'2525,0'0519,0'167,0'624239593908629,0'911678172588833,9,82074E+15,9,64564E+15,5,05252E+12,2,54108E+12,2,51145E+12,2,93675E+12,2,11888E+12,46'9492183135397,6,83858E+12
31/12/1988,2702,50257,38'2645561123426,1469'54176604637,13880900,953896012,50418'5999940262,33435000000,1'01575078583817,0'235770398860257,10'6303000378377,40897037,38'801697603332,579687911,26'790494987527,160'130708363637,226'376991590401,66'3446691117781,81'5222625732422,3'39893831406197,82'5175323486328,73'6612319946289,464605261,1'6976233336362,0'248180052308231,0'206500229119177,0'997631307560049,0'0930508695492928,0'152260875099453,2632'79480049844,0'388531187128122,19'8256,0'862290024757385,16'55048,26'6785,104597701'186,9'10572710051516,1526191864,5101287675,2564602283,2534133572,2157626294,2941846007,3093809508,1695923490,309002855,3791'03487753347,19339159496256'6,101903072,2499017348778'62,92'254678906624,1'04088418731271,0'900241533673402,13'2858695983887,50'888801574707,99'9618988037109,2'53891739626116,19393946608987'8,0'332175889970732,0'272858632146835,3'93490829787597,70'4789535185818,3'03088768668953,11'3050635298502,7'74147022476286,19521229909318'9,3'534402291921,19364086416391'1,14579361465462'7,25'7031405081059,890340026'855469,4'9670467132132,2'68182389867937,65'0344992635204,34184147'3464339,40'5147824698668,23289432'346594,1668898'67509874,3044655'328274,6,338331648,21172104,39'2850572610689,2'84010123763284,4'66055939992889,1'13087076515046,2'65443682353386,1'77018316822685,103'234969346021,23634,37'4444432000166,18769348779'2684,16656926812'518,9,44225E+12,59'9780455486454,-0'29089835568498,0'224607818051395,129853130'698,24'6122280118493,1537398346906'59,1018932092775'32,5'26875065574876,5'04514381299586,6,28343E+12,38'2645561123426,38'2645561123426,0'3676,0'2861,0'0234,0'3095,0'1138,0'6905,0'2539,0'0523,0'169,0'620758883248731,0'890257360406091,9,92613E+15,9,7297E+15,5,14543E+12,2,58839E+12,2,55704E+12,2,97243E+12,2,17613E+12,38'2645561123426,6,28343E+12
31/12/1989,2408,52665,44'8075674907194,1475'93315796198,14021100,983208800,54428'2002948747,32894000000,1'02782889520644,0'231798482743737,10'6397556608723,40995148'4,38'8951476479413,595274958,26'2738312421622,158'807680642936,226'20112172714,65'9424783579334,81'0851593017578,3'3243496637282,82'8358917236328,74'0958633422852,489418424'5,2'16958090393909,0'203081062477941,0'215125775557136,1'46406513833841,0'127226780223733,0'160082147341873,2781'65968218287,0'392573503619865,19'81587,0'872659981250763,16'37279,26'25206,106089534'033,9'4061996162637,1655849580,5189977062,2609700361,2577668355,2213536856,2974584483,3155231923,1715226180,316910626,3879'71005087585,20135606171256'5,99220072,2705877304587'01,93'3588570983596,1'26223234908636,1'03837217771,13'412389755249,50'9302406311035,100'136848449707,4'18130250597449,20137123157905'9,0'301756680233302,0'224700036196225,3'83528912976132,71'10390113466,3'02431919057948,10'831282460521,8'63047622477855,20321574562785'8,3'44480569095016,19996171128820'9,15084489083460'7,26'1310178065342,957450012'207031,4'83237752198941,2'66045755137498,65'2469687837879,34792835'4039915,39'9870603333547,23699896'0229529,1708667'82826924,3102061'69656282,6,339565664,21786086,39'9683596597028,1'96779182886056,3'74057186543146,1'11285485107311,2'59129962197244,1'73856862522462,103'594943890214,23671,37'9397176348906,20972399645'9083,18667594658'6331,1,15366E+13,69'3114165698295,-0'395724920299958,0'223011602708101,129852140'698,25'0854980219379,1578439304875'04,1034626791174'57,5'13829473210246,2'66950709625952,7,70029E+12,44'8075674907194,44'8075674907194,0'3685,0'2853,0'0236,0'3088,0'1138,0'6912,0'2547,0'0528,0'1711,0'623724365482234,0'878805076142132,1,02391E+16,1,00807E+16,5,23744E+12,2,63523E+12,2,60221E+12,3,00759E+12,2,23314E+12,44'8075674907194,7,70029E+12
31/12/1990,2391,55056,32'0760755022851,1663'80733680062,14583900,1024976616,56124'9003501084,28969000000,1'05052450937156,0'227763433985669,10'6434889950608,40923990'6,38'8276349483824,594003802,25'8787361049714,156'08355504157,224'560769727868,65'5130213158283,81'3433532714844,3'24854712566811,83'1576919555664,74'3161468505859,517584409,2'55597656703884,0'143158179291008,0'214868198394608,1'84643313492528,0'16292827189325,0'188588782534698,2890'29499701283,0'399936236479842,19'42176,0'890169978141785,16'18552,26'21584,102874756'451,10'2077608580422,1716847663,5280062644,2655474571,2621927799,2271130944,3007038178,3218211428,1734022311,325168639,4299'04717262724,22699238380982'9,100630320,3108316464519'25,88'0763676808435,1'30049138870699,1'09461089495751,13'6207799911499,51'3046798706055,99'7828369140625,2'80185238320038,22581629994121'1,0'299945923992852,0'214547514915803,4'14450902435746,69'5078515425729,3'24112984496692,12'0499008570646,6'0329591658973,22925625530227'7,3'31043297745433,20647420852695'3,17089080446062'6,25'8144827624125,912700012'207031,4'61378730589499,2'5852925365773,65'4329192262934,29848570,43'8566245154995,20607832'0596807,1823710,3152440,6,343208640,22003504,40'6621147377151,1'12096021030268,2'87617809356506,1'09103288830677,2'60190327727707,1'73576069650845,101'95271627048,23732,37'9079386907111,26740752136'4272,23691921771'5597,9,51911E+12,50'7540268997039,-0'30304197673955,0'252384972386128,129852140'698,24'7151813675844,1644288429731'02,1131485125255'88,4'98468321388185,4'17178694502877,6,21491E+12,32'0760755022851,32'0760755022851,0'3679,0'2856,0'0241,0'3097,0'114,0'6903,0'254,0'0537,0'1734,0'631832487309645,0'875230456852792,1,05578E+16,1,03339E+16,5,32723E+12,2,6809E+12,2,64634E+12,3,04072E+12,2,29023E+12,32'0760755022851,6,21491E+12
31/12/1991,2177,57233,24'3759610003396,1649'65382727703,14360900,1133228204,56142'3000809547,27955000000,1'05972438784688,0'224371838676879,10'6684685589252,40851856'974,38'7584940445039,588577921,25'2139795494454,154'913462768621,224'146809201356,65'3601671183597,81'584861755371,3'1574074020097,83'3608779907227,74'8767166137695,543078177,1'52705163707971,0'107142414961276,0'191991075510568,0'943559537589665,0'137041367597881,0'14731724142032,2890'45169749801,0'33494079885429,19'21229,0'900279998779297,16'21533,26'15986,103226563'865,10'0416329253415,1701262880,5368139818,2700155683,2665276245,2328780104,3037429273,3274403315,1756500024,334528596,4411'26417798711,23680282881569'7,101054232,3206922631030'33,89'9465748308377,0'967559664871095,0'76735460039379,13'802960395813,52'4153099060059,99'1015930175781,3'32210754580619,23573086920294'1,0'343785168917222,0'260865512075098,3'82492673950914,70'8251078785124,2'82721402452219,11'0340072719652,0'591082138949872,23803149318080'2,3'00877958999734,20969103725997'3,17908717089292'1,25'0126799514271,934109985'351563,5'45497531175522,2'79972160808582,65'6180458833215,30009210,43'267135649682,20799343'2787013,1814950,3153420,6,351203872,22284880,41'3397948631161,-0'218084631681165,1'44638598438918,1'01066541896098,2'53834593519588,1'66810850435812,101'706175200195,24666,37'8328588135777,28075839906'264,25175376343'4416,1,13408E+13,56'7799990133787,0'0362201343288895,0'255866236426483,129854050'698,24'3728751938581,1658894976786'34,1063598237960'11,4'49149295757739,0'888320247908553,5,06261E+12,24'3759610003396,24'3759610003396,0'3673,0'2866,0'0243,0'311,0'1142,0'689,0'2531,0'0544,0'1748,0'624635025380711,0'85136192893401,1,06538E+16,1,02942E+16,5,41429E+12,2,72511E+12,2,68918E+12,3,0713E+12,2,34746E+12,24'3759610003396,5,06261E+12
31/12/1992,1922,59155,22'5354041567558,1621'33706743756,14918800,1145436692,61025'1997384947,24245000000,0'928253717947521,0'249612768302601,10'6037091998128,46863429'06,36'8904541055796,696198387,24'5817394000103,153'853427316551,224'421756295843,65'0168806729996,81'1985626220703,3'07154779372409,83'6726989746094,75'3228225708008,570936588,1'52892010921808,0'121833558312863,0'213656803467195,0'950268703353612,0'102465775827012,0'1406952682574,2805'82981747184,0'342987416028271,19'53277,0'919290006160736,16'36444,26'12866,107627075'599,9'72376311461259,1953419126,5452576967,2742825761,2707001345,2384187715,3066425436,3332572478,1773094523,344160101,4655'20470785994,25382861966747'1,104366256,3490524934468'44,88'352118803064,0'926245526925134,0'741638542519293,14'0469703674316,53'7591285705566,98'4609069824219,0'770868826821442,25270106255123'4,0'367756496666992,0'283831462962273,3'53643162541737,72'9787439828946,3'00461370224933,9'40993925253314,2'93269329919023,25432460360968'2,2'94293701002528,21566244447622'7,19274780364805'4,24'3905914062764,794760009'765625,4'42836994831802,2'59635850946183,65'7696593607738,29879100,40'6570359515876,20741660'8600961,1809580,3138050,6,360817440,22547234,41'9900220154061,0'475771110092509,2'05618591740908,0'954628417449911,2'37925473963084,1'57293125482447,92'8615960214715,24947,40'7405431655793,32582175817'2537,27062098454'4602,1,08193E+13,50'1852724023238,0'382622498547391,0'235400316704998,129854110'698,24'0638018279562,1711273110363'96,1029336305105'92,4'05524131382191,3'15741106643681,5,04258E+12,22'5354041567558,22'5354041567558,0'3716,0'2833,0'0244,0'3077,0'1143,0'6923,0'2572,0'0546,0'1774,0'641722842639594,0'861195431472081,1,17677E+16,1,05503E+16,5,49892E+12,2,76805E+12,2,73087E+12,3,10006E+12,2,40434E+12,22'5354041567558,5,04258E+12
31/12/1993,1889,61044,30'2799603531101,1613'03872155211,15986200,1142265216,67522'6001899917,25853000000,0'948169165088269,0'245146453490278,10'6013989816385,46743860'24,36'7611246578466,686613438,24'1817231246931,154'038957938717,225'78042904332,64'539871914175,81'9339370727539,2'98761274417603,83'9159317016602,75'7501831054688,602706571,1'50278142252965,0'0876453053118394,0'214843162691595,0'962102178318455,0'055121963972456,0'1830688122353,2761'76576268917,0'339675503551572,19'99917,0'931749999523163,16'50831,26'13342,112216974'861,9'10801294487959,1896266524,5537885402,2786023122,2749072791,2441669150,3094221058,3394342318,1786859879,353893707,4662'45285195489,25820129586354'2,105458496,3495921266583'74,91'9381131958429,0'97983291106073,0'905892095475245,14'4190998077393,55'1882781982422,98'368522644043,1'31746941686977,2,57059E+13,0'351379665293055,0'250670648931341,3'34479390198908,73'998255431852,2'76452202137285,8'96639563715854,1'71344760934508,25815819393018'8,2'76297897627126,22011172707085'5,19696926717461'9,23'8277429252209,683160034'179688,3'95801665761173,2'35979749218424,65'8840259862398,29970470,40'3812075614786,20874105'0265849,1794160,3123140,6,372503904,22937032,42'6813948442797,0'240086358144737,1'80839524094134,0'90645028161056,2'41094418188462,1'56455260542496,89'1778669124425,28300,40'2350549753745,34083073463'8289,26901746628'9555,1,38974E+13,61'6967759261863,0'399335161446349,0'212573636872675,129749400'698,23'7148417416479,1721568213763'64,989551550941'978,3'83248096270186,0'601604930115229,7,25579E+12,30'2799603531101,30'2799603531101,0'3704,0'2838,0'025,0'3088,0'1144,0'6912,0'256,0'0552,0'1789,0'651070050761421,0'860798984771574,1,1983E+16,1,06252E+16,5,5816E+12,2,80994E+12,2,77166E+12,3,12687E+12,2,46122E+12,30'2799603531101,7,25579E+12
31/12/1994,2041,63085,33'4437397975531,1599'00633118463,17218900,1233233404,77183'3003311681,22833000000,0'970971529256713,0'240708637763279,10'5683070440513,46937513'28,36'9168299900845,683022129,23'803842751943,153'670207032627,226'01050049493,64'0127642185776,82'4374618530273,2'92184212925927,84'1862030029297,76'1723709106445,642258725,1'32439793655262,0'0992198495325478,0'199781324760681,0'83634124378025,0'0453533768458455,0'143702141633296,2844'3866295048,0'344275836121801,20'035,0'935970008373261,16'66528,26'20764,121159878'186,8'84237803532896,1942777627,5622085293,2828618395,2790638602,2499098200,3120961611,3456641398,1799326378,363289219,4957'99382603394,27874264172130'2,106967712,4002473123096'37,91'3297639410966,1'13250890144364,1'00274887339372,14'94983959198,56'1498908996582,98'2687301635742,3'36457839158682,27790366008997'9,0'420430392530725,0'317024953363878,3'37079254856331,74'7184867763531,3'03032532376201,7'84892855466471,8'68634819225787,2,78908E+13,2'57981544096166,22702514443826'7,21126282474768'6,24'4056755179159,556260009'765625,2'89933180544629,2'54370751716185,66'0874336138551,30152090,40'5703677144069,20983787'4114182,1814290,3146930,6,382692608,23295870,43'3342592486674,1'74993446918128,3'29697503966113,0'864209521516358,2'35204061123515,1'52043397231714,92'2304167041992,30290,41'0730457380527,41294903851'4062,30901646729'5438,1,46399E+13,60'6730050756936,0'408694272447985,0'211848637400774,129737657'698,24'2086451347782,1747597666299'78,1082391134411'15,3'88312002687184,1'51196172931374,8,70418E+12,33'4437397975531,33'4437397975531,0'372,0'2817,0'0255,0'3072,0'1143,0'6928,0'2577,0'0556,0'181,0'66128730964467,0'861718781725888,1,2306E+16,1,08665E+16,5,66315E+12,2,8512E+12,2,81195E+12,3,15207E+12,2,51825E+12,33'4437397975531,8,70418E+12
31/12/1995,2183,65268,33'962963592739,1616'15320394074,18008200,1302891640'1,83098'2003978345,22975000000,0'980202830312123,0'236808302444831,10'553656906918,46923262,36'9064572002202,675648710,23'3678955695273,152'715917716826,224'748050902881,63'4629366704903,81'8440399169922,2'86256363726772,84'4559631347656,76'5811920166016,688176383,1'37135239625537,0'101393719586498,0'223387402594332,0'842074381809812,0'0967847670715985,0'107712125193126,2796'20526872226,0'31712156902134,20'14156,0'948819994926453,16'93109,26'29711,124928828'171,8'48961977219818,1889253508,5706753581,2871511429,2832373839,2558104123,3146593138,3519785689,1811874809,372224770,5439'75923142633,3,10434E+13,110880952,4777216670047'29,92'6415229219047,1'29378224261839,1'17468571984012,15'5393199920654,57'134708404541,98'3408737182617,2'9394311279199,30892096896662'3,0'432731541374954,0'318350495894823,3'7022640130758,74'7203186299836,3'14592668474632,7'45451478055603,9'3299943322001,30932119809237'5,2'3860629096816,23345492224408'2,23363625920340'6,24'514707731014,507160003'662109,3'33184417521734,2'62521487103725,66'2738761054894,30839910,40'2895140118456,21582843'0324084,1854550,3164170,6,394094752,23712400,43'9878472238518,1'55992789726187,3'08941469376617,0'821270178705831,2'36108861188409,1'5059943701925,97'7521320654741,33379,43'1659697142462,46884443554'8952,37892839599'7086,1,72637E+13,63'7501937438845,0'410531635501474,0'18648270514448,129734777'698,24'7387467054135,1778633196833'57,1190972688874'67,3'83648058353371,1'77589677145195,9,91279E+12,33'962963592739,33'962963592739,0'372,0'2816,0'0257,0'3073,0'1143,0'6927,0'2577,0'0563,0'1833,0'676714720812183,0'869369543147208,1,26522E+16,1,11028E+16,5,74421E+12,2,89214E+12,2,85207E+12,3,17597E+12,2,57551E+12,33'962963592739,9,91279E+12
31/12/1996,2342,67610,40'9734681540135,1633'30669751266,18953600,1390963704,89164'5999806,23820000000,0'990649264198073,0'233179107338496,10'542477974694,46991721'52,36'960430726853,689580558,23'0791814324839,151'021346247844,221'748110907941,62'8140074481488,80'8751602172852,2'81699648569019,84'7207412719727,76'9956893920898,738045955,1'64702341343476,0'08733435041459,0'213365702281071,1'0848640376694,0'0895996095454292,0'171859713524273,2974'49579887474,0'319994725098505,20'26025,0'951349973678589,17'09329,26'31457,128950267'368,8'09521159267341,2051155348,5789655178,2913309780,2873437881,2616150997,3171418327,3585670359,1818373124,382704184,5481'55335650945,31736303773998'2,114308200,4997870777919'27,89'9422573862304,1'38585774486258,1'31759104620536,16'1139793395996,58'1705894470215,97'5810623168945,2'37629904953339,31581900544590'3,0'466654658761815,0'364485854511124,3'33754769736174,73'8571973489131,2'78727513772328,8'62041305610281,6'99333375183664,31611093705771'6,2'3162145942707,2,42185E+13,2,39254E+13,24'3843023784453,558270019'53125,3'22917792209881,2'36236262972361,66'5580131271748,31379670,40'4587628812257,22039447'4140838,1880550,3156360,6,406607744,24005092,44'6270072007024,2'13019487167065,3'61383283441216,0'788954526729157,2'26913648580988,1'45269277573175,100'945703057348,35617,43'3028582950394,57245794766'2599,51031422369'2369,1,98067E+13,71'9186010954055,0'352102312584183,0'173280358449245,129734336'698,24'6118792463593,1871033649845'35,1257377730953'51,3'96195391847644,5'19502577463875,1,22285E+13,40'9734681540135,40'9734681540135,0'3726,0'2809,0'026,0'3069,0'1144,0'6931,0'2582,0'0571,0'1861,0'699456345177665,0'886142131979695,1,30811E+16,1,15348E+16,5,82489E+12,2,93282E+12,2,89208E+12,3,19862E+12,2,63294E+12,40'9734681540135,1,22285E+13
31/12/1997,2260,69870,58'6445113827616,1626'40552529458,19546600,1455104192,102876'101219632,28879000000,1'00258389295892,0'23049446034427,10'5636146542072,47190992'14,37'0969315366742,689222722,22'7500750853512,149'573925840872,219'004011423804,62'2511588048637,80'4715270996094,2'77727018772562,85'537712097168,79'0283508300781,792107663,1'46434482355859,0'0793535995044638,0'196566635061338,0'935385762235292,0'0838126833577576,0'169226143399739,3022'93731093358,0'366330256492209,20'0211,0'964290022850037,17'34921,26'47088,128760311'509,8'03817753458739,2083479578,5872284397,2954901678,2914438009,2674851444,3195320043,3649230248,1827836360,392273082,5384'58695016527,31619825931745'3,115151040,5401117103559'34,90'4155580673212,1'64808502806247,1'67658511970149,16'879280090332,58'9875297546387,97'0516510009766,4'02261706011377,31513730011559'8,0'473851189401563,0'355594707583572,3'42460715910315,73'9972135745666,2'70853679440344,8'84177596760174,9'84188221739417,31438507343934'3,2'32106738851342,25027152703646'4,23824259310083'7,24'2572069721617,671940002'441406,3'2943642557936,2'24302462226935,66'8429668509287,31691800,39'5051651307183,22394054'6806342,1855380,3112010,6,418819360,24211228,45'2397389012496,2'40758498923958,3'86913295836409,0'753660146203728,2'24377136745215,1'42718722375696,103'227011222963,36946,45'2005082488602,59208846777'6757,54100417616'8761,2,20298E+13,80'4047268928232,0'480660164485965,0'151121816034727,129803675'698,24'6540466050924,1896657573452'12,1216887761998'12,3'84849608161948,1'36950629449598,1,73902E+13,58'6445113827616,58'6445113827616,0'374,0'2805,0'0262,0'3067,0'1147,0'6933,0'2593,0'0575,0'1874,0'705957868020305,0'882241116751269,1,33854E+16,1,17695E+16,5,90505E+12,2,97316E+12,2,93188E+12,3,21975E+12,2,69081E+12,58'6445113827616,1,73902E+13
31/12/1998,2365,72235,72'7602795511945,1611'33507886211,19653200,1466961780,101788'274305637,27793000000,1'0147281592396,0'227193330165967,10'5591577802238,47322844'46,37'2081875107595,669215311,22'3373043770553,148'38864097404,216'464119458788,61'6876297822437,80'7278366088867,2'74635922502482,86'2622299194335,80'2059478759766,838347056,0'931859523845902,0'0781787483223003,0'175774493928604,0'488619564856275,0'0789627648415774,0'110323951897145,3097'96680630548,0'363488999789555,20'31433,0'974179983139038,17'52516,26'61422,123338426'064,8'20883235443166,2073216799,5954004340,2996096363,2955072851,2734083101,3217927851,3712472979,1837345937,401350295,5297'23454029152,31539757442893'6,110757032,5282465876177'99,92'8310490917403,2'48008752188175,2'49418573470569,17'3334293365479,59'2187385559082,97'713508605957,2'09006774275208,31493040823465'7,0'501740103509281,0'367100018263657,3'36216546366036,76'1778121274788,2'43833750764635,6'84790059639361,5'14036601670674,31397512149451'3,2'27046366196527,25813159414643'6,23904527485277'6,23'9436067768067,608760009'765625,3'24034459413528,1'98157476649603,67'0862402183489,31860170,38'213378046886,22509779'8369003,1889800,3134140,6,429869632,24475480,45'8784963072253,1'38229674894515,2'79315408340352,0'707528751291335,2'21439052747634,1'39162100258203,103'606488505424,37928,45'6031915832994,63498481590'0871,57756077865'8705,2,45552E+13,89'2667931836139,0'382343512377233,0'159879642044547,129777669'698,24'2082710098213,1938995911771'79,1173942105168'66,3'72210251551306,2'23226052568934,2,16532E+13,72'7602795509541,72'7602795511945,0'3751,0'2795,0'0264,0'3059,0'1147,0'6941,0'2603,0'0579,0'1893,0'70796345177665,0'872965989847716,1,3632E+16,1,19632E+16,5,98479E+12,3,0133E+12,2,9715E+12,3,23963E+12,2,74921E+12,72'7602795509541,2,16532E+13
31/12/1999,2418,74653,102'986226521649,1623'83959854696,20736600'0009766,1562256300,108629'618245873,25137000000,1'03744346977385,0'22444061832919,10'5715140920656,47356360'33,37'2325543879819,661359418,21'9120841523593,147'932859479594,215'452482856443,61'0106758829504,80'9584808349609,2'7168332072179,86'5723190307617,80'5492630004883,904516372,1'21531910865274,0'0703087586918945,0'146428669065261,0'810348361516493,0'0567229628845786,0'13151035649451,3134'36310760014,0'364201422594629,19'30702,0'988439977169037,17'54265,26'55149,132416866'13,7'7881465914747,2072935659,6034484369,3036775418,2995066666,2793610635,3239083612,3778418158,1842896729,410527197,5424'53182155783,32734252486333'8,104193152,5539544614646'77,98'9983939292611,3'67391056043431,3'65667196174801,18'3915004730225,59'2985687255859,97'9438400268555,3'11100042929428,32690779292818'3,0'510656902470479,0'350485889696525,3'17546033699436,75'8207277192397,2'29219914042639,7'59878948441188,5'30189483499622,32646152473639'9,2'21739705862345,26830845327123'3,24876189459818'5,23'9241473046689,513380004'882813,3'11577270253848,1'87396308476006,67'2936148673345,32018180,37'9591856706491,22615862'9199573,1915380,3165900,6,438300896,24625086,46'496204206663,2'1240578502411,3'50446449223307,0'657434286272945,2'1772393815765,1'35169584038294,105'288762848699,38414,46'0455442772801,70749160472'0941,67081633133'4804,33181158958442'6,114'74401476856,0'243970266507432,0'158317064171731,129784451'698,24'0056284462153,2010750750506'99,1149862853300'5,3'51272067013157,3'70061836126463,3,06989E+13,102'986226521461,102'986226521649,0'3753,0'2796,0'027,0'3066,0'115,0'6934,0'2602,0'0584,0'1907,0'733016243654822,0'892021827411167,1,4063E+16,1,23346E+16,6,06424E+12,3,05335E+12,3,01089E+12,3,25864E+12,2,80823E+12,102'986226521461,3,06989E+13
31/12/2000,2450,77103,144'503626295448,1637'20596757257,22008658,1674064712,118257'211,19248000000,1'05267474944614,0'220826088646934,10'5407637460488,47371524'5,37'2500617610053,664116833,21'6772946446547,147'197498220237,213'905988920355,60'1915353977583,81'9502029418945,2'69616578008591,86'5740585327148,80'6754302978516,975057850,2'11507384336692,0'0736667944948358,0'142780816288987,1'50398422397711,0'0725981559926378,0'322043852613354,3090'16794101001,0'372455165983592,18'36543,0'994710028171539,17'74911,26'30914,136488432'45,7'3029201099225,2052236042,6114324044,3077193558,3034538680,2853928243,3258666866,3848417716,1843188798,420125727,5530'61389192257,33815965497462'6,98649512,6331884325301'7,99'2279086146823,4'05353406003724,4'61214811202186,19'0776195526123,59'9287300109863,98'7767715454102,3'58744999372203,33855386331040'6,0'538033567398363,0'369427346600909,3'34715917013553,72'6986039901692,2'2566789452522,10'5383252268702,12'5223713573014,33730754474661'3,2'20580101630339,27984704147107'8,25578859147416'3,24'2949174978629,395500000,3'03819909121097,1'80967816610202,67'5490200014212,32781530,37'9013734188357,23311805'661438,1908130,3170820,6,452366400,24993658,47'1182989175782,3'13672039906533,4'50127811994179,0'60459242013539,2'15912723284717,1'32305711835376,101'770246364874,39892,50'6924106653546,80965647797'7097,75230865332'5559,30925434367933'2,100'774061296058,0'0786174213466921,0'143801550029465,129765381'698,24'35863128221,2073148557892'43,1144264062287'22,3'3837982901097,3'103209453967,46416298347404'1,144'503626295323,144'503626295448,0'3752,0'2786,0'0274,0'3059,0'1148,0'6941,0'2604,0'0592,0'1935,0'745363131313131,0'895348484848485,1,43015E+16,1,25565E+16,6,14349E+12,3,09343E+12,3,05006E+12,3,2767E+12,2,86831E+12,144'503626295323,46416298347404'1
31/12/2001,2206,79309,103'592853389646,1636'49023417816,22264220,1655230214,110860'835000095,18434000000,1'07119849757014,0'217613195334328,10'5216463323169,47388728'352,37'263918525687,662178609,21'3292078395614,146'386452197343,211'944615569522,59'5853758510587,82'7601165771484,2'66634949282082,86'8761901855469,80'9933700561523,1034495800,1'87331800063845,0'0623377218057071,0'136224980105492,1'12400203465007,0'149176235654283,0'401577028422896,3159'76009431769,0'405796101645017,18'51863,1'00119996070862,18'1802,26'0185,136282794'154,7'05049135319742,2092333018,6193663732,3117475579,3073582436,2918724283,3273208448,3913807844,1846466397,430783779,5426'38620401316,33609211427621'5,94902440,6110145432694'6,95'492972726347,2'41531721732048,2'66195734474527,20'310079574585,60'3155517578125,99'5341491699219,2'11795012151927,33667176628519'6,0'574168243199541,0'401521244432761,3'26131156170074,73'4988992646153,2'16480217682738,10'0664140720286,0'83736783990193,33554844699336'1,2'24166409747958,28780808181820'1,25745146332435'4,23'434812187362,286339996'337891,2'97809968725912,1'68241263521463,67'8217262716203,33235280,37'445351178322,23707262'4684296,1923460,3169360,6,464081632,25199522,47'7301180655426,0'693508393405921,2'00011096828871,0'446243282850503,2'27041587884801,1'29760358510696,103'980871018673,40157,49'6134474875573,80173328726'4459,75343113933'4985,26792162470741'5,88'1434576491299,-0'0482667348794585,0'151025678785842,129764265'898,23'3985409390566,2111677349683'52,1132687137160'02,3'37016873960076,1'85846748147452,33640946608382'8,103'592853389504,103'592853389646,0'3754,0'278,0'0278,0'3058,0'1148,0'6942,0'2606,0'0601,0'1965,0'752781313131313,0'892751515151515,1,44394E+16,1,27059E+16,6,22263E+12,3,1336E+12,3,08902E+12,3,29033E+12,2,93308E+12,103'592853389504,33640946608382'8
31/12/2002,2280,81589,81'9428187951516,1649'28075931164,20817389,1627404873,117506'673,17782000000,1'08179656639133,0'214363146668837,10'4962953449237,47294657'109,37'1905870595169,652227436,21'071145180201,145'553425109466,210'053108404393,58'8235192476408,83'4285202026367,2'64355327993079,87'3861465454102,81'3953094482422,1083357524,1'67346258868386,0'0628117631219213,0'144873257847225,1'10901637277447,0'0892504374710922,0'267510757469151,3133'14586345751,0'451202982083766,17'97357,1'02386999130249,18'17396,25'82453,139688317'297,6'73096242630702,2043524367,6272724236,3157733773,3112370473,2987260356,3283730657,3984083463,1844262273,441758519,5561'27882360472,34884368459978'9,91326744,6411935223559'9,96'1964074556192,1'87494475383493,2'15317396185476,21'6729106903076,61'1976203918457,99'8516082763672,3'82306779610279,34866657052990'6,0'594666897694316,0'405917403809882,3'02941295056847,74'0888133754649,2'07595035690971,9'61442939010195,3'12162738785852,34743502992318'6,2'34549016382229,29541676864004'9,26851915953398'8,22'8183186329943,277570007'324219,2'79055526240161,1'68670279737183,68'0703477216237,33702380,38'6196813501047,24054448'0761061,1960710,3190660,6,477806528,25166934,48'3401967865472,1'04743681894209,2'33728102561716,0'321464678072346,2'34815167020695,1'27647394855373,108'22364753294,38894,49'4228845515877,88474283725'5398,85017462507'2896,22802792394180'4,72'4408092347689,0'19719003818005,0'174145120763856,129762074'898,23'0259364328047,2149700641504'28,1161522841735'03,3'32963700652225,1'80062033749869,27470425683278'5,81'9428187951515,81'9428187951516,0'3747,0'2779,0'0282,0'306,0'1147,0'694,0'26,0'0613,0'2004,0'767942929292929,0'899285353535354,1,46995E+16,1,28888E+16,6,30177E+12,3,1739E+12,3,12787E+12,3,30034E+12,3,00181E+12,81'9428187951515,27470425683278'5
31/12/2003,2652,84241,75'7626839680879,1688'48027873291,21282617,1665309283,124203'199,18932000000,1'10076117096298,0'212300825697528,10'5257463722001,47140891'535,37'0697028445411,658780168,20'8591820573678,143'548118493411,207'872069876807,57'9859540306337,84'1593704223633,2'62489570038503,87'8816986083984,81'92431640625,1135703975,1'86438680572882,0'0612808398722687,0'167011904766432,1'2267848632028,0'0828815967150003,0'326427601172314,3132'29390022318,0'494411898742781,17'45197,1'0266900062561,18'09076,25'25962,139830434'216,6'57939334865646,2063505222,6351855732,3198108759,3151112363,3056809211,3293311000,4057523021,1838972662,452725440,6160'19040860495,39128640757108'8,81943144,7,49464E+12,97'0218835082734,1'81768666496429,1'86183440055023,22'8206806182861,62'179069519043,101'373748779297,1'65095793274081,39055789509712'7,0'635721142006606,0'446929094787143,3'03833470761973,73'5445392808589,1'99342874790012,10'345467232036,5'77910276656999,39021640860669'7,2'40565307271354,30379695573278'6,30072540138528'5,23'0603261657212,301510009'765625,2'80645582479595,1'68916846078301,68'3262116178978,34882860,39'8066549693329,25143943'8476202,1956820,3189450,6,490891200,25955560,48'9500564877979,1'87436787622801,3'1595305632523,0'291751790896043,2'32818190286994,1'26151721361913,110'646520638134,41051,51'1793171085886,98164535284'8673,95040647607'093,31107425315024'1,84'6628874710817,0'183061883743783,0'179612115305094,129761969'398,23'1444293575034,2209587649187'73,1297684425208'86,3'31645669284613,2'78583010709563,28442099470505'3,75'762683968088,75'7626839680879,0'3735,0'28,0'0287,0'3088,0'1153,0'6912,0'2582,0'0626,0'2028,0'800713131313131,0'92600202020202,1,49652E+16,1,31932E+16,6,38119E+12,3,21442E+12,3,16676E+12,3,30966E+12,3,07174E+12,75'762683968088,28442099470505'3
31/12/2004,2513,86754,83'4844849184557,1739'82323674097,23752616,1888695284,139032'94,21325000000,1'12463421849765,0'210305870737171,10'5463106976774,46771835'358,36'7426438282329,669746976,20'7030348932524,141'116912993897,205'022160978795,57'1883285450451,84'6872177124023,2'60862951351566,88'3432312011719,82'3443298339844,1203418833'5,2'51947547263691,0'106336420340249,0'133932067703757,1'61320028748216,0'304482518009689,0'361524179101057,3395'28606362905,0'503036138554316,17'22541,1'03649997711182,18'12423,25'39072,148746929'409,6'17096865347831,2273990004,6431527221,3238788976,3190089432,3127682788,3302106624,4131006941,1834843763,463027696,6856'20425052951,44095864270016'4,76167848,9,06637E+12,95'8520768917064,2'70297646371691,2'22941314219671,23'6796398162842,63'1619987487792,101'888198852539,5'293114425159,44053132351136'6,0'637161104725167,0'446627813056124,3'59084073974059,72'5832707679238,1'92683485977964,11'2923332062277,10'2630576368108,43900221192258'5,2'40427440511632,31529461906683'1,33498668629658'2,23'7889936174641,388510009'765625,3'21304159881068,1'64142418325611,68'6526238231697,36252860,40'7490802473378,26319528'2174325,2016030,3243990,6,501832576,26608512,49'5153730394589,3'18580750526465,4'48006972948292,0'2670754143778,2'31854761314378,1'25430255915013,117'074221236943,38724,54'6242026806908,136891781802'606,136579116231'072,36540979694420'4,88'9731781128963,0'277547736015503,0'178535953040966,129889503'526,24'0321758418598,2305468994909'91,1480396600711'64,3'35722323446614,4'33933208114306,35522648828892'3,83'4844849187043,83'4844849184557,0'37,0'2832,0'0295,0'3128,0'1157,0'6872,0'2543,0'0637,0'2037,0'821568181818182,0'93835404040404,1,56022E+16,1,37723E+16,6,46116E+12,3,25526E+12,3,2059E+12,3,31833E+12,3,14304E+12,83'4844849187043,35522648828892'3
31/12/2005,2670,89424,99'4305785945932,1767'06316990047,24215712,1969590799,141483'603,20898000000,1'14727141706651,0'207959620771114,10'5579469338483,46862188'3718779,36'8136258790057,679661225,20'5699017036056,139'038432921388,202'957302735204,56'4863498635594,85'4712295532227,2'58805804828233,88'4752578735352,82'2602996826172,1243520718,3'21408822921055,0'197611600596271,0'131270814884748,2'24358586029303,0'252654109203045,0'388965844233455,3313'52731911755,0'536202052070424,16'96969,1'04726004600525,17'87212,25'24855,151518162'009,5'75161188645248,2252079376,6511724848,3279734977,3229328768,3199824687,3310160129,4202555491,1834109844,472398407,7336'60942433055,47773981888484'2,70860984,1,03051E+13,95'1204880787248,2'93888437682842,3'28310882870728,24'338529586792,64'092041015625,102'202117919922,3'71735304289915,47728201404080'6,0'655329217972363,0'466470388371025,3'81649285343327,70'7048033492449,1'78666932886777,13'5651743022911,8'35686655157456,47497920614125'3,2'39450642950869,32770833968941'4,36051635213221'8,24'1766113083522,397860015'869141,3'41711251569311,1'55491365146077,68'9203036318718,37346260,41'6120081014281,27325257'1771294,2023940,3272710,6,509273536,26899108,50'1328070034601,2'76691373956963,4'04836094997975,0'243889913834593,2'30656060380508,1'24694530932159,117'373199668964,39096,56'6768166450973,160591524548'463,175456110928'975,40512446419170'1,92'3025576392466,0'359203620840052,0'224402115728675,129889492'275,24'5370936478042,2394357430527'37,1544629313207'59,3'23320194831806,3'85554678088114,44715529729409'9,99'4305785946976,99'4305785945932,0'3705,0'2832,0'0301,0'3133,0'1161,0'6867,0'2544,0'0641,0'2046,0'838023737373737,0'945350505050505,1,58613E+16,1,40115E+16,6,54191E+12,3,29649E+12,3,24542E+12,3,32625E+12,3,21591E+12,99'4305785946976,44715529729409'9
31/12/2006,2706,92130,117'989055804229,1796'64478864413,24829383,2072413898,148937'604,24560000000,1'16930525351579,0'204908234291624,10'5365540610548,46914799'0871221,36'8269457942929,673481951,20'4218253545326,136'331989419239,199'486933437389,55'9766609152767,85'940086364746,2'57717095663697,88'7642593383789,82'525993347168,1261205623,3'62028077367556,0'351733707407988,0'140923385337869,2'44930585348593,0'267366267256058,0'410951560187717,3342'90291460669,0'571624781132427,17'47324,1'06130003929138,17'66707,25'14194,152829754'389,5'0674761538575,2251391927,6592711655,3321062274,3268965072,3272625329,3318331550,4270110398,1837031013,482885938,7852'52363525448,51769424091305'2,68962904,1,18711E+13,95'8938661241846,4'13019989593316,4'25404192624269,25'1887607574463,65'2803573608398,102'288856506348,5'22283914223054,5,18924E+13,0'665539625914083,0'483020616153137,4'58684524719049,68'8731296500611,1'71400418897507,14'4802927013305,9'13784564238551,51319499509066'9,2'36432565779162,33921710632460'5,38623785303743'4,24'7509922060306,435910003'662109,4'1107085751783,1'50600430246671,69'2623820488053,38444310,42'7884613127128,28223539'0535022,2053490,3301930,6,515590912,27107698,50'7579113773636,3'21206701749779,4'49572318337286,0'246858782703924,2'27514470701375,1'24370744910811,120'18216814711,43104,58'9354566067571,172574528898'755,184517309438'805,50074965608306'6,105'788727011785,0'589245299415055,0'203427918168597,129885400'642,25'392669550229,2461244532976'2,1664193096114'71,3'21462547696028,2'793530389241,57757269306429'8,117'989055804088,117'989055804229,0'3703,0'2822,0'0306,0'3129,0'1158,0'6871,0'2544,0'0646,0'2064,0'848739898989899,0'945637373737374,1,62072E+16,1,42861E+16,6,62352E+12,3,33813E+12,3,28538E+12,3,3344E+12,3,28945E+12,117'989055804088,57757269306429'8
31/12/2007,2645,94775,161'16604739366,1824'03529835951,26016011,2209136496,158205'946,26607000000,1'1953327088554,0'202146305373764,10'5238754116089,46868683'901,36'7876595451376,686633980,20'3414121890107,133'889473127645,196'505313518913,55'530381941974,86'9055786132813,2'56708902909711,88'6670608520508,82'8167572021484,1254127116,3'66990060393352,0'530199041473138,0'166899824863713,2'30461915636516,0'296764409109766,0'37141817212174,3411'53357916426,0'605175065888163,17'409,1'06514000892639,17'34902,25'04689,156495951'973,4'87103710676071,2342481223,6674181848,3362615406,3308860269,3345847975,3326564331,4336110612,1842787535,492577526,8738'35218218032,58321351515739'1,60453448,1,37436E+13,96'2238001829372,5'42873458785605,5'32953916435239,26'0467395782471,66'9393005371094,103'050926208496,5'05168488828305,58190065032661'3,0'660904039317969,0'474382690573855,4'96946130623133,69'0253116183525,1'65437188659146,14'1366141073,7'63791368029581,57768945792469'4,2'32871364413247,35345350602069'8,4,32021E+13,25'2242658413506,439079986'572266,4'28399024932717,1'51481802296983,69'5916904987144,39738280,41'9226511989215,29312213'4995752,2105280,3335870,6,523755392,27537410,51'3852358274101,3'16400291607768,4'43886395475985,0'24810001279107,2'23742832248917,1'23576150851694,126'460380579857,44034,59'3307987521669,204790053526'891,208378807415'731,60456082457876'5,113'705462808472,0'678584367734217,0'183399246185924,129885204'194,25'9239994664456,2495032495470'28,1974579711874'29,3'3856892211104,1'37279990026917,88389829365348'7,161'166047393763,161'16604739366,0'3697,0'2823,0'0314,0'3137,0'116,0'6863,0'2537,0'0651,0'2076,0'860519191919192,0'946984343434343,1,66073E+16,1,46765E+16,6,70595E+12,3,38018E+12,3,32576E+12,3,34281E+12,3,36361E+12,161'166047393763,88389829365348'7
31/12/2008,2960,97735,139'886171019626,1829'62920149869,25498093,2208218737,158487'874,24105000000,1'20739073088643,0'199779776604598,10'5282456727067,46783694'0161221,36'728721860848,703264965,20'2316184954185,131'050370073697,193'823431504599,55'1485602967032,88'4583892822266,2'55493448556479,89'4507217407227,83'3397369384766,1249457978,4'98594807923715,0'560739054494642,0'176696678034433,2'93249107085568,0'820153445823101,0'495867830029296,3579'35335266872,0'637015833932647,17'46949,1'06973004341125,17'07093,24'97171,159493839'451,4'5976535395188,2517239224,6757000414,3404795146,3349478592,3421460545,3333755606,4400981315,1851138276,502154142,9473'79779632221,64014455631901'5,59403244,1,59704E+13,99'8088629043496,4'02152186246858,3'79894064293845,27'0583591461182,68'5710067749023,103'426078796387,-0'0620905723901473,63635924338596'3,0'673340038252917,0'474754204798098,4'84170017196815,65'8219183561038,1'52649759511343,17'340580698228,3'24773745395481,63422677711606'1,2'38724786662781,35947116704277'4,47450294045232'9,25'2359273824683,495950012'207031,4'0089994171942,1'3986157854081,69'8994794086821,40139260,44'4757968168324,29574920'7763931,2099790,3352150,6,531901888,27786180,52'0293024978267,0'750754154063699,2'00094978440279,0'21617724127519,2'2598925762609,1'24087967463484,119'974622339581,43949,60'9850360107768,225772402402'716,251392624527'937,32418515670953'4,56'0331670291676,0'592883883526405,0'196124392958339,129869133'154,25'875657963752,2579333593118'78,2279757455764'33,3'56131663272041,3'37875750322101,83873076311125'5,139'886171019444,139'886171019626,0'3688,0'2831,0'0318,0'3149,0'1161,0'6851,0'2527,0'0656,0'2084,0'88779696969697,0'965043939393939,1,72388E+16,1,52607E+16,6,78909E+12,3,42255E+12,3,36654E+12,3,35005E+12,3,43972E+12,139'886171019444,83873076311125'5
31/12/2009,3000,100735,116'651511346248,1796'21545195742,26122523,2249728546,175509'343654396,23806000000,1'22589601482217,0'197425902538766,10'5304946479914,46756685'2918779,36'707988289694,690900518,20'036033427657,128'007946817992,190'433967580042,54'8140226430012,89'154052734375,2'5342075847169,89'5234985351563,83'6233291625977,1254105077,2'78264272155761,0'315437145851983,0'169759594492966,1'62076652290115,0'353462959780002,0'323216498531515,3601'00089325798,0'645055073228824,17'70114,1'07099997997284,16'88514,24'68045,163312149'755,4'18340409478116,2487936013,6839553692,3446753169,3390053977,3497450435,3340304403,4464266309,1860245966,512294870,8879'28722416785,60730361716385'6,60533600,1,21958E+13,110'565856251553,2'1751853683788,2'32254061359145,28'1327095031738,69'3979568481445,103'308959960938,-0'416228624834829,60456864463382'6,0'683175350444263,0'491486972559545,4'1744481901294,67'9668534172489,1'48325031220046,14'2324576709954,-11'5678620970121,60150078201949'3,2'61879378237926,35917617833283'7,46235921728707'4,23'2277031001104,630779968'261719,3'50265684907622,1'37413102540706,70'2465080695361,39846770,42'780478451008,29253757'5061305,2102300,3346350,6,535708896,28158870,52'6656293068104,-2'49824176486764,-1'30701943840506,0'196439024750745,2'22097811740221,1'22174445674084,117'957998626126,42669,52'4611275593756,217940777778'019,247243204181'682,4,74713E+13,83'567805609923,0'585699681619957,0'206082483632544,129867501'481,23'8668757735514,2644282049127'35,2237501044112'75,3'6843202985716,2'51803241666136,66569095559822'5,116'651511346099,116'651511346248,0'3684,0'2837,0'0323,0'316,0'1164,0'684,0'252,0'0663,0'2097,0'889870707070707,0'955523232323232,1,74117E+16,1,53688E+16,6,87277E+12,3,46509E+12,3,40768E+12,3,35691E+12,3,51683E+12,116'651511346099,66569095559822'5
31/12/2010,3410,104145,111'935737082702,1874'65768831604,29637929'5405283,2628261258'20994,182025'62707797,25718000000,1'24938837531265,0'195156591923,10'5335957148466,46774506'599939,36'7213438505678,686200354,19'8094994717781,124'994916215009,187'626126948727,54'5176946430083,88'920066833496,2'51629028823539,89'5674209594727,84'021629333496,1229408756,3'71117828973463,0'610242080043501,0'177385908770292,2'12159293488682,0'554807785145865,0'247149580888145,3592'82855606833,0'640643822567799,17'68612,1'06991994380951,16'89097,24'31042,166876013'869,3'81239694698005,2465408342,6921854591,3488472947,3430616859,3573943037,3346098292,4526289075,1869224171,523576561,9605'55882330721,66488281440229'6,60239992,1,49211E+13,107'781583436581,2'64106391832577,2'84588050732387,29'3956203460693,71'0837097167969,102'716949462891,5'160950457577,66350001465224'4,0'661590158705902,0'446318669305956,4'76798979665946,67'1190652170065,1'63474609734622,15'0340663919168,11'7888716307825,65630210641598'7,2'52310236916706,37078867643792'5,49603617418284'3,24'4103427174168,601599975'585938,4'26426789427786,1'55665858221925,70'556582416685,41817500,44'3338728697609,31031799'0424309,2140800,3367470,6,546431040,28644658,53'2984540283547,3'25241534941001,4'49485995761852,0'173453922187349,2'18709609818958,1'20330803304117,130'147789179715,43427,56'9579179588717,237489497481'587,270171395366'079,54259517739629'9,87'0937425516126,0'826006490819506,0'193755082382899,129869706'677,25'3949472842429,2720391412010'79,2577003689925'9,3'87587652155294,2'87826190510042,70092591939610'6,111'921294529948,111'935737082702,0'3684,0'2838,0'0329,0'3167,0'1167,0'6833,0'2517,0'067,0'2114,0'894464141414141,0'948859595959596,1,77512E+16,1,56873E+16,6,95682E+12,3,5077E+12,3,44912E+12,3,3633E+12,3,59487E+12,111'921294529948,70092591939610'6
31/12/2011,3902,108047,104'744563287056,1881'47754811803,30564978'0951817,2786953830'18207,183037'230059023,29971000000,1'25074483390559,0'196041003255122,10'6059835880065,47959422'12,36'9319845832412,696342918,19'6279823133659,122'186268843837,184'8239013916,54'3630180755049,88'5017395019531,2'49860408208633,89'7832565307617,84'2837677001953,1201532646,4'81066083761467,0'731632081521048,0'173385586081642,2'81755973452866,0'733354675336609,0'354728760146709,3711'29188381564,0'647475191873797,17'72641,1'0686399936676,17'02516,24'11758,175816233'951,4'02104717535715,2584333349,7003760440,3529883004,3471095394,3648273263,3353658726,4583873923,1880270432,536834044,10516'3142182263,73653745496223'1,60561624,1,78529E+13,109'19048504661,2'9604058712036,3'16392162489013,31'1890201568604,72'2468795776367,103'097518920898,2'85575033631767,73575788980959'3,0'70121806335535,0'505932776922984,5'04542896940091,64'3628489871835,1'72866944813011,17'2319243582327,6'52836011414304,72871054907846'4,2'41227311347866,38246140535385'5,54381900341797'7,25'1849327317731,488970001'220703,4'42751327387732,1'67494678721635,70'8839718937906,43022060,45'8027823542847,32004027'8518917,2221570,3421190,6,555073216,29143406,53'9289137315705,2'13121875926771,3'3397307370777,0'225947755870635,2'07978205669426,1'18329340674819,135'372030356732,44323,60'1912235835374,269680513693'062,296727405235'5,47521341225558'9,68'6251377703885,0'870027189673593,0'189567900061656,129870230'186,26'1654652110172,2822832993497'32,2937398242938'34,3'98811794722506,3'76569272473964,72891201622479'4,104'730077016198,104'744563287056,0'3699,0'2845,0'0333,0'3177,0'1175,0'6822,0'2523,0'0673,0'2118,0'923763636363636,0'968191414141414,1,83032E+16,1,62347E+16,7,04119E+12,3,55033E+12,3,49086E+12,3,37158E+12,3,67142E+12,104'730077016198,72891201622479'4
31/12/2012,4483,112530,81'9961163901594,1891'70042560737,30771384'5860793,2894054971'56489,175051'342248843,27956000000,1'26510923102753,0'194821504896306,10'6688798641241,47955059'5310122,36'9301990917701,708597049,19'5103835901341,119'118611039304,181'911003547149,54'2092694552319,89'2444686889648,2'48889436036396,90'3369369506835,84'7296829223633,1179304023,4'11393790454726,0'443668758944962,0'174130321331286,2'6982471826367,0'427617263083635,0'370274378550677,3621'4164345206,0'666141304588399,17'89986,1'08510994911194,17'13973,24'19696,180532909'305,4'15598584005849,2566124436,7089254548,3572962647,3513490180,3724773727,3362636703,4643662239,1891374489,551416097,10623'441080161,75312277992941'6,58980720,1,80155E+13,111'403127097909,2'25605493710775,2'69324756765433,32'5498886108398,73'0726165771484,103'779762268066,3'42206759190464,7,5458E+13,0'209581119836849,0'191456925305368,4'52500699965371,63'8731234483933,1'59262234619335,17'9167221427952,2'24585361427276,7,44751E+13,2'37287265797559,39175041958572'9,55416120925547'1,25'3702970883309,483132904'052734,4'02785208440044,1'57055511932164,71'1734325076553,43582450,45'8561020746898,32444191'5472416,2231950,3439240,6,562061568,29387108,54'589544301236,1'43485597350892,2'67305973645253,0'267706935425366,2'09689511955837,1'22068863908771,131'896150648726,43772,59'9431964376734,275508447753'009,304537918675'654,54503236899688'7,78'2092939936405,0'970283299880393,0'176979081696416,129864695'497,26'4182117413302,2861041072196'41,3024381259847'62,4'01578778447131,1'35353663454765,58271303158294'3,81'9835444299342,81'9961163901594,0'3663,0'2889,0'0339,0'3234,0'1185,0'6766,0'2478,0'0687,0'2124,0'93925303030303,0'972739393939394,1,86089E+16,1,64391E+16,7,12583E+12,3,59296E+12,3,53286E+12,3,38033E+12,3,74784E+12,81'9835444299342,58271303158294'3
31/12/2013,5195,117725,87'6331930989,1894'11205896239,31464398'8821721,3048275073'17267,175829'557813548,27128000000,1'2738708925076,0'192689638417903,10'680445166376,47877732'9930733,36'8710169886595,724518874,19'2979022930386,117'450070215624,179'528625012655,54'0815778303847,89'3023300170898,2'47225300697758,90'6743087768555,84'9317169189453,1142234079,3'6701098156784,0'39867172929762,0'173836151545183,2'44888090704848,0'294750680672292,0'353970347114823,3824'24430180876,0'688758736944796,18'27033,1'09635996818542,17'68115,23'55038,188864093'606,3'78381252779226,2770739457,7175500378,3616329171,3556354839,3802446099,3371199704,4703026698,1902371262,567286049,10792'2100393935,77439507217123'8,57690856,1,83882E+13,111'899181012258,2'47564659786258,2'67564456790258,33'446949005127,74'5061569213867,104'022903442383,2'57207444518119,77443738627762'7,0'215020722376193,0'198165978942291,4'2888277518678,63'9966075103335,1'56735237928582,17'1234287100807,2'51651113536973,76649085057395'6,2'3044645459259,40252906487898'1,56955950715897'8,25'4630059953182,465174530'029297,3'85584654504793,1'51637108558252,71'4658022270248,44233530,44'5692465036252,33053846'5169509,2208840,3405660,6,573827264,30517070,55'2542148570121,1'60871207824064,2'8448544186072,0'254651386882216,2'08529101880663,1'21657121233333,134'554027918324,44853,59'1494294135658,298418875884'671,330599731909'307,64367842410397'4,88'8089653337057,0'960187103757615,0'195155887748967,129863403'119,26'4510419000918,2994521827717'47,3212380280470'54,4'14824473438824,4'66546100362639,63699200775026'5,87'6194750368837,87'6331930989,0'3656,0'2899,0'0342,0'3247,0'1187,0'6753,0'2469,0'0695,0'2139,0'958864646464646,0'981389393939394,1,91812E+16,1,70654E+16,7,21058E+12,3,63558E+12,3,57501E+12,3,38844E+12,3,82499E+12,87'6194750368837,63699200775026'5
31/12/2014,5839,123564,100'185110745723,1919'99176537634,32339781'9790769,3227291386'47589,184831'109461419,26983000000,1'27588671981466,0'190532739440479,10'6879313029268,47889155'737,36'8799345004463,724249847,19'2100409074316,115'976165984244,176'735311531188,54'0029683654623,89'0522613525391,2'46468078176715,90'9933013916016,85'3606033325195,1091281186,3'13075914106266,0'27459936000214,0'192198593450974,2'13327117062763,0'235917376403218,0'294772640578698,3896'88760287967,0'717381164709306,17'75289,1'10308003425598,17'62001,23'29472,193445421'811,3'54783857404975,2822322838,7261846543,3659746831,3599285700,3881124742,3378873012,4760725173,1913538371,584768985,10955'5688967827,7,95577E+13,61164004,1,84787E+13,114'348433988902,2'17111675872184,2'38676943545025,35'793529510498,75'3420791625977,102'768051147461,3'59306797936689,79776008946022'7,0'220577741871283,0'202366501470377,4'14955859959104,65'9530004105975,1'51400555790135,15'92996519054,3'27485243423817,7,88759E+13,2'25129725657364,41401103301634'1,5,84196E+13,25'7508423933192,458978729'248047,3'86347802617166,1'452838984016,71'7460320801402,44438190,44'4351327149183,33085191'9751693,2234500,3427420,6,580938688,30809254,55'9192978641868,1'89175191892505,3'11786320871119,0'227613570056249,2'06915866659337,1'20334695075393,137'99428590248,45743,58'5513216875482,330877909350'37,372080446807'177,67177254463959'2,90'1594290394304,0'774805183185848,0'202279445765687,129862977'905,26'5694728459878,3081108744682'41,3280964430079'1,4'12400820378912,2'89151062996056,74944361363391'2,100'150982251303,100'185110745723,0'3655,0'2902,0'0343,0'3251,0'1188,0'6749,0'2467,0'0699,0'2151,0'983069191919192,0'994464141414141,1,95249E+16,1,73966E+16,7,29529E+12,3,67816E+12,3,61713E+12,3,39562E+12,3,90283E+12,100'150982251303,74944361363391'2
31/12/2015,7099,130663,157'268149659019,1901'93474998203,33362839,3466478485,187769'416312345,28585000000,1'2858730799124,0'188663840706797,10'7067243817664,47681467'5961343,36'7149852760486,727377783,18'9574083092893,114'341421497974,171'974739533182,53'9813660597446,88'7156600952148,2'45527039765471,91'030143737793,85'5423202514648,1045929772,1'71334516963909,0'1750213237268,0'184471513889086,0'956573278407491,0'158013753329638,0'239265300286071,3920'34757993674,0'754248868790661,17'70922,1'10353994369507,17'41341,23'10596,199741128'597,3'27962577641973,2851573171,7347679005,3702959671,3641926223,3960624201,3385230743,4816015834,1924804010,604066046,10222'6082696736,75112444159420'1,63193864,1,6103E+13,119'178954993077,2'85155738672414,3'55701461895157,36'8724899291992,75'4488906860352,102'419006347656,3'44016375069972,75232602112653'6,0'215059861361441,0'197329801906012,3'88434253299318,70'1549040705567,1'55631891370643,11'3185624594471,2'47402377454587,74491192718499'4,2'25515832893907,42617875521228'1,55140821418453'5,25'7931267813007,419924499'511719,3'7127739813935,1'46593380689769,71'9521469638424,44423270,44'5354334226119,32943427'7812085,2241760,3442060,6,583094016,31228198,56'5725306543396,1'96320390846685,3'168372975735,0'188161288613699,2'04836134586679,1'18196469027203,135'831441176289,43983,56'1706983073757,330465571694'174,396056122767'047,62268183687150'3,94'3946036491913,0'742523550383549,0'194982933270532,129880684'495,26'5889666678646,3160423800932'33,3160423800932'33,4'20759014874364,2'57423748469807,1,01168E+14,157'242995675221,157'268149659019,0'3635,0'2918,0'0348,0'3271,0'1189,0'6729,0'2446,0'0708,0'2164,0'998391414141414,0'998424747474747,1,9773E+16,1,76341E+16,7,3798E+12,3,7207E+12,3,6591E+12,3,40151E+12,3,9815E+12,157'242995675221,1,01168E+14
31/12/2016,9131,139794,123'242348873692,1905'34619144025,34687965,3705101897,194898'275094034,31371000000,1'29370871052821,0'187009904304665,10'7647540665164,47691466'9441343,36'7012213852347,733367261,18'9415813371066,112'81377549744,170'137253866563,54'0732747582299,88'9048461914063,2'44464622019697,91'4474334716797,85'9855117797852,1007951962,1'50053145444646,0'196638103454725,0'19396497789646,0'801971538020952,0'162666361797886,0'145290473276437,4009'23127616655,0'729081964686325,17'82649,1'11078000068665,17'09064,23'44392,194016881'338,3'53709229275392,2940242868,7433569330,3746263485,3684519302,4040915561,3390840151,4867706948,1936769641,626306196,10264'9286617534,76305058874647'8,62320560,1,55415E+13,123'300703772758,2'79678548243605,3'54506583291917,37'4045181274414,75'6849975585938,103'972618103027,2'74465315114145,7,62823E+13,0'216886108536306,0'19928742743956,3'62359810531646,71'8391841500349,1'51077252585756,9'57507394461303,2'04286086053736,75614312365372'1,2'21794914047607,43872397838160'4,56202466750566'3,25'4650789810693,376965332'03125,3'52846738370894,1'47502461043395,72'1861063743353,44550150,43'2146888687303,32940650'0788955,2263530,3465770,6,586694080,31912294,57'2003836496808,1'63703698333157,2'82511802669165,0'165702382669153,2'02724004917528,1'16894498169493,138'155963428961,43806,54'3968017324388,332994201608'497,373376812605'457,65117714419402'8,96'8782937451238,0'718487455774312,0'207970521184215,129956634'129,26'3450319291484,3231664740139'89,3163711707553'62,4'1461362512686,2'25415778689384,77665442539514'6,123'223406461774,123'242348873692,0'3632,0'2922,0'035,0'3278,0'1191,0'6722,0'2442,0'0713,0'2174,1'01854242424242,1'00710909090909,2,00171E+16,1,7924E+16,7,46402E+12,3,76316E+12,3,70086E+12,3,40631E+12,4,06065E+12,123'223406461774,77665442539514'6
31/12/2017,11476,151270,115'566344202212,1909'09090226621,35703836'058,3973790462'77031,212866'647172062,31694000000,1'3169792040767,0'186122317394873,10'8312517566596,48088210'033,37'008412637272,734598109,18'6206542192841,111'231626689683,168'260944040969,54'1984349318103,89'1624374389648,2'42721225805223,91'62890625,86'2201614379883,983849866,1'94695228334454,0'249431371524534,0'200314395183186,1'09614393848315,0'214985398492316,0'186077179661355,4114'05290237223,0'738958700651116,17'72055,1'11602997779846,16'94278,23'38904,195734477'248667,3'4548522144078,3022177937,7519183459,3789475509,3726903700,4121601094,3395754793,4917748760,1948600924,650029530,10798'15276503,81193291658568'7,62812336,1,71789E+13,121'592619477022,2'56797311168255,2'68505567396547,37'8527908325195,75'3975296020508,103'887641906738,3'69152008577754,81295071732629'8,0'21750790392301,0'199661243605316,4'11414351742437,70'4669525975335,1'52243947537268,11'2524095836861,6'1080819525869,80338513911955'8,2'17252581307773,45383545333414'1,59328376458397'8,25'9064931621364,346588653'564453,3'69858391631559,1'44718475283678,72'3912421422731,45117640,44'0617516687535,33351608'0948268,2306980,3505600,6,588441600,31867238,57'8594251975406,2'21716481148262,3'39442342651519,0'144938769778065,1'99671415504741,1'15172301756148,138'939337255457,43440,56'1478827784892,363528149697'668,402059333950'342,79501947538294'8,110'913359730788,0'749379060857098,0'202754949023363,129956069'099,26'9294602466871,3349733017401'84,3337507322764'45,4'11057028799771,3'65348161879062,77703308882275'1,115'548693034499,115'566344202212,0'3659,0'2911,0'0354,0'327,0'1197,0'673,0'2462,0'0711,0'2174,1'03688636363636,1'01386616161616,2,05867E+16,1,84104E+16,7,54786E+12,3,80547E+12,3,74239E+12,3,41007E+12,4,14019E+12,115'548693034499,77703308882275'1
31/12/2018,11227,162497,95'7647957153977,1905'4572812295,36828232'2483859,4242447521'12931,221165'700779335,26967000000,1'32032659085682,0'183986047137617,10'8251697551806,47953427'477,36'9035207410317,728365199,18'1598576462089,114'150524450765,168'008777448405,54'3400620861099,89'407341003418,2'41504037924832,91'5456619262695,86'246940612793,948165492,2'4427666131023,0'231197964282772,0'164087558618537,1'51700844785808,0'241267414410727,0'28920522793218,4070'66704768826,0'749444775187592,17'45058,1'12436997890472,16'9982,23'44631,196497495'727889,3'42385676119381,2964932598,7602454161,3831514803,3768124182,4201371130,3399248682,4965495495,1959590864,674552619,11347'3358468855,86267600625419'4,61639532,1,89419E+13,122'583068397157,0'742573374982172,1'04622625918138,38'4263191223145,76'0113296508789,101'506980895996,2'84604402417602,86243803476022'2,0'216484624606919,0'19875949098363,4'1369023991653,69'5076206020423,1'47667952854437,12'9435161504426,4'54432429689345,85394929323568'4,2'14818431448439,46896998620440'1,62665098524040'6,26'3814894518364,301519073'486328,3'72674340458261,1'42177029148396,72'5741022370002,45873850,43'9372913200319,34041045'9740377,2296270,3513570,6,597468032,31962270,58'5032406660676,2'13854609534094,3'2696726971847,0'102889908517611,1'93541379140561,1'10744341395647,136'824231771351,43554,57'6904580739198,395280997948'032,434367290150'71,68893043867461'1,91'6631464867949,0'656780841455845,0'192773106790475,129949282'714,27'3596366773463,3430621431169'63,3388018536520'84,3'92733600095345,2'41477196384221,6,82514E+13,95'744385397478,95'7647957153977,0'3646,0'2916,0'0356,0'3278,0'1195,0'6722,0'2451,0'0716,0'2183,1'03919444444444,1'00502878787879,2,08168E+16,1,86275E+16,7,63109E+12,3,84749E+12,3,7836E+12,3,413E+12,4,21982E+12,95'744385397478,6,82514E+13
31/12/2019,11377,173874,83'9627553410529,1906'63145831199,39203774'3901284,4557605838'23228,221495'759188436,26933000000,1'31033816848724,0'185706089612385,10'8070585261189,47911034'8180448,36'8710515878461,732110189'666667,17'8875153658076,118'386295442276,171'98203715237,54'4643296385436,89'6301422119141,2'40180351121416,91'7295303344727,86'4783020019531,913301250,2'02363299566875,0'181667907680076,0'138982705446876,1'30066318131232,0'180666304092913,0'221652897136564,4064'65040874235,0'764161528482405,17'6658733333333,1'13542997837067,17'01054,23'4264233333333,195416284'771518,3'47193375611851,2975784467'66667,7683372259,3872331143,3808228843,4280190216,3401355163,5012271607,1969227276,699061108,11397'0860002155,87568054407493'1,62810832,1,84378E+13,125'444717325993,1'29312112087398,1'69643180501209,39'4129905700684,76'1938323974609,101'714538574219,2'59203363888145,87532722519257'6,0'216959545688745,0'199236054009502,4'08467711337733,70'1891463703764,1'36656019944253,12'2104172196569,1'72353592088596,86947030971564'6,2'18686376026537,48083989763766'9,63792403036838'9,26'4759828019682,370724395'751953,3'72053103592077,1'34749031982007,72'7471316405295,45180546'6666667,43'7379106191719,33444434'71592,2288926'66666667,3494980,6,602458624,32652932,59'1259305055959,1'52032777115821,2'60087776956794,0'0619690171876641,1'87603245609964,1'06436811437949,137'973177485256,43248,56'3272843171236,399287791168'467,444525267271'544,78825582830604'8,108'119608245651,0'535769154826031,0'191700113164061,129949282'714,27'1510558633809,3535025910136'55,3511910455975'79,4'01049273018366,3'04331098786763,61138921504766'6,83'9493826057622,83'9627553410529,0'3647,0'2911,0'0358,0'3274,0'1194,0'6725,0'2453,0'0717,0'219,1'0463202020202,1'0011202020202,2,04735E+16,1,87614E+16,7,71347E+12,3,88903E+12,3,82443E+12,3,41514E+12,4,29944E+12,83'9493826057622,61138921504766'6
,,,,,,,,,,,,,,,,,,,,,,,,,,,,,,,,,,,,,,,,,,,,,,,,,,,,,,,,,,,,,,,,,,,,,,,,,,,,,,,,,,,,,,,,,,,,,,,,,,,,,,,,,,,,,,,,,,,,,,,,,,,,,,
,,,,,,,,,,,,,,,,,,,,,,,,,,,,,,,,,,,,,,,,,,,,,,,,,,,,,,,,,,,,,,,,,,,,,,,,,,,,,,,,,,,,,,,,,,,,,,,,,,,,,,,,,,,,,,,,,,,,,,,,,,,,,,
,,,,,,,,,,,,,,,,,,,,,,,,,,,,,,,,,,,,,,,,,,,,,,,,,,,,,,,,,,,,,,,,,,,,,,,,,,,,,,,,,,,,,,,,,,,,,,,,,,,,,,,,,,,,,,,,,,,,,,,,,,,,,,
,,,,,,,,,,,,,,,,,,,,,,,,,,,,,,,,,,,,,,,,,,,,,,,,,,,,,,,,,,,,,,,,,,,,,,,,,,,,,,,,,,,,,,,,,,,,,,,,,,,,,,,,,,,,,,,,,,,,,,,,,,,,,,
,,,,,,,,,,,,,,,,,,,,,,,,,,,,,,,,,,,,,,,,,,,,,,,,,,,,,,,,,,,,,,,,,,,,,,,,,,,,,,,,,,,,,,,,,,,,,,,,,,,,,,,,,,,,,,,,,,,,,,,,,,,,,,
,,,,,,,,,,,,,,,,,,,,,,,,,,,,,,,,,,,,,,,,,,,,,,,,,,,,,,,,,,,,,,,,,,,,,,,,,,,,,,,,,,,,,,,,,,,,,,,,,,,,,,,,,,,,,,,,,,,,,,,,,,,,,,
,,,,,,,,,,,,,,,,,,,,,,,,,,,,,,,,,,,,,,,,,,,,,,,,,,,,,,,,,,,,,,,,,,,,,,,,,,,,,,,,,,,,,,,,,,,,,,,,,,,,,,,,,,,,,,,,,,,,,,,,,,,,,,
,,,,,,,,,,35,,,,,,,,,,,,,,,,,,,,,,,,,,,,,,,,,,,,,,,,,,,,,,,,,,,,,,,,,,,,,,,,,,,,,,,,,,,,,,,,,,,,,,,,,,,,,,,,,,,,,,,,,,,,,,,,,,,,
