COD DEFINITIVO;WIPO1;acumu;D1;D2;D3;D4;D5;D6;D7;D8;D9;D10;D11;D12;D13;D14;D15;D16;D17;D18;D19;D20;D21;D22;D23;D24;D25;D26;D27;D28;D29;D30;D31;D32;D33;D34;D35;D36;D37;D38;D39;D40;D41;D42;D43;D44;D45;D46;D47;D48;D49;D50;D51;D52;D53;D54;D55;D56;D57;D58;D59;D60;D61;D62;D63;D64;D65;D66;D67;D68;D69;D70;D71;D72;D73;D74;D75;D76;D77;D78;D79;D80;D81;D82;D83;D84;D85;D86;D87;D88;D89;D90;D91;D92;D93;D94;D95;D96;D97;D98;D99;D100;D101;D102;D103;D104;D105;D106;D107;D108;D109;D110;D111;D112;D113;D114;D115;D116;D117;D118;D119;D120;D121;D122;D123;D124
31/12/1970;914,00;914,00;6,34;1376,19;9448300,00;310441392,00;16175,20;22892000000,00;0,77;0,31;10,06;38818002,79;36,83;551605540,00;32,38;226,66;289,28;76,18;74,33;4,78;77,36;67,09;158436054,00;1,08;0,29;0,26;0,46;0,07;0,01;1826,79;0,33;19,63;0,73;15,92;28,11;67412833,00;19,69;1007671970,00;3681975908,00;1845234090,00;1834971939,00;1345474754,00;2335276447,00;2103319428,00;1381778181,00;195108426,00;811,29;2987137961245,15;124973904,00;265106647455,00;57,39;0,56;0,48;10,07;41,16;89,05;5,05;2999279857150,27;0,21;0,19;7,30;59,91;6,54;9,03;8,39;3037991262176,78;4,97;10481630500081,30;2220546762254,49;27,36;197800003,05;7,00;7,56;58,58;27057171,80;37,49;15272289,24;1269938,93;2874648,92;6,00;188479216,00;14300965,00;28,35;1,79;3,92;1,79;2,62;2,09;74,63;14238,16;25,01;2794787769,18;731652948,23;1245915039382,72;28,24;0,00;0,22;129856729,70;25,66;899887358588,45;289601957211,21;9,69;5,23;331843991934,16;6,34;6,34;0,35;0,29;0,02;0,31;0,11;0,69;0,24;0,04;0,13;0,52;1,04;6678414340000000,00;6683130967000000,00;3700437046000,00;1855390166000,00;1845046876000,00;2346362154000,00;1354215496000,00;6,34;331843991934,16
31/12/1971;1317,00;2231,00;6,34;1337,61;9504500,00;331604904,00;16370,20;29869000000,00;0,78;0,30;10,01;38966564,07;36,97;564258870,00;31,57;219,36;282,93;76,16;74,30;4,67;77,37;67,08;158436054,00;1,05;0,20;0,25;0,51;0,08;0,01;1976,43;0,33;19,67;0,73;16,24;28,24;67848380,00;18,04;1115215163,00;3760516757,00;1885029034,00;1873681546,00;1381496807,00;2377767005,00;2148672042,00;1408244023,00;201794523,00;877,44;3299633208751,21;128474832,00;291161116545,00;60,64;0,48;0,47;9,93;42,73;89,18;3,73;3310663659485,84;0,21;0,20;6,12;61,55;6,16;10,51;5,52;3366302540507,86;4,49;10960565891270,30;2469760716558,27;27,16;236339996,34;5,74;6,78;59,11;25652776,28;36,02;15913710,78;1199396,69;2840961,47;6,00;198245584,00;14599792,00;28,96;2,11;4,29;1,82;2,68;2,13;74,66;14183,37;25,16;3200194146,53;1195651034,54;1254757447037,04;28,16;0,10;0,23;129856719,70;25,15;918284284089,62;303841117739,89;9,21;2,04;334376560617,28;6,34;6,34;0,35;0,28;0,02;0,30;0,11;0,70;0,24;0,04;0,13;0,52;1,02;6822406853000000,00;6845062197000000,00;3775759617000,00;1893576146000,00;1882183563000,00;2386956801000,00;1388834099000,00;6,34;334376560617,28
31/12/1972;1644,00;3875,00;6,27;1372,43;9421500,00;418331166,67;16586,70;29355000000,00;0,79;0,30;10,01;39053179,30;37,05;553063945,00;31,07;212,30;276,47;76,05;74,44;4,54;77,36;67,11;158436054,00;1,09;0,18;0,26;0,56;0,07;0,02;1965,77;0,33;19,72;0,74;16,45;27,84;63951403,00;19,83;1087195614,00;3836900801,00;1923739624,00;1911315351,00;1417515045,00;2418101600,00;2193875387,00;1433034031,00;208145557,00;991,64;3804813156576,32;127439600,00;349556561000,00;64,80;0,50;0,42;10,13;44,58;90,16;5,49;3826249886638,86;0,22;0,20;5,46;61,94;5,93;10,23;8,23;3877573135796,14;4,22;11611819878031,40;2837085864175,39;27,32;263750000,00;5,41;6,72;59,60;27508882,46;34,57;16680140,79;1251832,92;2871562,42;6,00;209995104,00;15302541,00;29,55;3,53;5,63;1,70;2,61;2,03;75,14;14281,78;25,39;3547765857,68;1444333426,30;1228278987777,78;27,92;0,19;0,21;129856619,70;25,43;920258618334,76;337965645055,86;8,88;0,22;325299052962,96;6,27;6,27;0,35;0,28;0,02;0,30;0,11;0,70;0,25;0,04;0,14;0,52;0,99;6828726617000000,00;6808049382000000,00;3851650245000,00;1932065603000,00;1919584566000,00;2426810400000,00;1424734781000,00;6,27;325299052962,96
31/12/1973;1794,00;5669,00;6,41;1418,52;9764900,00;401571800,00;15568,70;33324000000,00;0,81;0,29;10,06;39200076,90;37,19;569014415,00;30,45;207,63;271,73;75,83;74,91;4,41;77,36;67,06;158436054,00;1,52;0,30;0,37;0,72;0,07;0,05;1999,00;0,33;19,50;0,75;16,49;28,36;64732237,00;21,18;1137462946,00;3912984371,00;1962314336,00;1948785837,00;1454827837,00;2456842164,00;2240153070,00;1456625139,00;214321972,00;1186,26;4641813800081,13;119880720,00;488554062000,00;64,61;0,65;0,48;10,35;45,96;92,91;5,92;4665412067195,54;0,22;0,20;5,64;60,58;6,28;10,85;11,41;4728169639190,91;3,77;12244893451493,00;3402074218758,93;28,60;256260009,77;5,51;7,32;60,05;28423385,49;33,81;17582029,20;1290757,19;2911944,73;6,00;220505920,00;15827891,00;30,13;4,35;6,42;1,60;2,63;1,98;74,10;14249,33;28,42;4143925270,36;1791036738,55;1254708683333,33;28,63;0,31;0,23;129856549,70;26,71;968109047676,13;426043992688,13;9,18;5,20;335856362222,22;6,41;6,41;0,35;0,28;0,02;0,30;0,11;0,70;0,25;0,04;0,14;0,53;1,00;7091259620000000,00;7192574023000000,00;3927780238000,00;1970688554000,00;1957091634000,00;2465360325000,00;1462178370000,00;6,41;335856362222,22
31/12/1974;2267,00;7936,00;6,35;1391,13;9254900,00;421145200,00;16955,20;34209000000,00;0,82;0,29;10,03;39287595,70;37,27;569158990,00;29,61;202,73;266,72;75,46;75,05;4,29;77,40;67,07;158436054,00;4,13;0,42;0,32;2,83;0,16;0,40;1980,47;0,32;19,78;0,76;16,37;28,48;68411940,00;19,85;1127199866,00;3988487336,00;2000601792,00;1985962300,00;1493546941,00;2493594794,00;2288129226,00;1477989661,00;220445210,00;1341,34;5349917660545,79;119205880,00;701516953182,00;60,76;0,48;0,50;10,67;46,17;93,93;-1,50;5368062116794,58;0,24;0,23;5,75;54,72;4,95;19,33;6,93;5454528423105,14;3,79;12402343588906,10;3922082383838,55;28,76;268649993,90;6,08;5,93;60,54;27783247,44;33,88;17563629,93;1257337,91;2915398,22;6,00;226204464,00;16277946,00;30,71;-0,12;1,81;1,50;2,66;1,93;74,74;14019,00;33,27;4892143914,95;1951501554,45;1281284670000,00;27,94;-0,12;0,27;129856079,70;26,69;997203230219,10;489830402939,14;9,16;3,01;341974266666,67;6,35;6,35;0,35;0,28;0,02;0,30;0,11;0,70;0,25;0,04;0,14;0,53;0,99;7212111547000000,00;7246718004000000,00;4003794172000,00;2009259331000,00;1994534610000,00;2502313496000,00;1501134655000,00;6,35;341974266666,67
31/12/1975;2656,00;10592,00;6,06;1366,36;9244700,00;432276500,00;17236,20;35207000000,00;0,83;0,28;10,02;39375239,40;37,36;577997250,00;28,98;198,16;262,61;74,91;75,64;4,16;77,33;67,20;229134059,00;3,79;0,23;0,35;2,44;0,42;0,35;2094,20;0,33;19,88;0,77;16,47;28,62;68160736,00;18,75;1210443643,00;4062507027,00;2038133671,00;2022412506,00;1530457371,00;2530673774,00;2337850923,00;1496154552,00;226540705,00;1466,96;5959524027133,65;115882984,00;727996805727,00;61,91;0,56;0,49;11,16;46,66;95,27;0,43;5978109323966,66;0,25;0,23;4,73;56,10;4,22;19,12;-2,55;6066664182541,12;3,80;12701568627254,20;4497272444787,29;26,36;394260009,77;5,31;4,86;60,99;28245747,25;34,84;17641960,09;1338975,62;2979621,95;6,00;233848832,00;16743671,00;31,28;-1,23;0,60;1,49;2,47;1,86;76,59;14577,00;31,47;5884249672,07;3432842292,26;1148843610000,00;27,20;-0,02;0,31;129855559,70;24,54;1031245292393,62;527657324210,98;8,85;3,41;298066530000,00;6,06;6,06;0,35;0,28;0,02;0,30;0,11;0,70;0,25;0,04;0,15;0,53;0,96;7439809111000000,00;7395022317000000,00;4079480606000,00;2047666026000,00;2031814448000,00;2540462204000,00;1538624994000,00;6,06;298066530000,00
31/12/1976;3053,00;13645,00;6,81;1421,10;9562900,00;471773396,00;19300,30;32681000000,00;0,84;0,28;10,07;39376387,43;37,36;588954609,00;28,15;193,39;257,89;74,49;76,16;4,04;77,34;66,92;243357486,00;4,02;0,23;0,33;2,69;0,43;0,35;2102,96;0,34;20,28;0,78;16,73;28,63;71736517,00;19,54;1238538558,00;4135432265,00;2075110797,00;2058321439,00;1568425508,00;2565599507,00;2385361867,00;1514176474,00;233893891,00;1566,78;6479321759689,83;114983880,00;836180368182,00;62,40;0,50;0,34;11,68;48,28;95,88;4,83;6489325866659,12;0,25;0,22;4,68;56,48;4,72;20,38;8,90;6601203609781,83;3,67;13328988382418,50;4843606441965,72;27,24;353230010,99;5,13;5,50;61,41;29669095,51;34,48;18580873,04;1364746,83;2992540,36;6,00;247972128,00;17155078,00;31,85;3,44;5,30;1,38;2,48;1,80;70,95;14152,00;32,15;6106489536,69;3746375521,46;1333997770000,00;30,75;-0,20;0,27;129855349,70;25,25;1043842775155,33;537045474450,96;8,29;1,22;367528290000,00;6,81;6,81;0,35;0,28;0,02;0,30;0,11;0,70;0,25;0,04;0,15;0,53;0,94;7523884414000000,00;7582870149000000,00;4154666864000,00;2085824424000,00;2068842328000,00;2576911453000,00;1577376141000,00;6,81;367528290000,00
31/12/1977;3124,00;16769,00;6,17;1445,22;9915900,00;513269292,00;21322,80;37202000000,00;0,85;0,27;10,06;39379694,07;37,36;583008670,00;27,82;188,44;253,36;73,88;76,87;3,94;77,52;67,11;259049098,00;3,97;0,23;0,38;2,63;0,40;0,33;2151,86;0,31;20,88;0,80;16,98;28,73;71365632,00;19,13;1254554130,00;4207786422,00;2111800245,00;2093948344,00;1606765720,00;2599582989,00;2435473754,00;1529014780,00;241260067,00;1741,63;7328421393986,89;117273048,00;951542788182,00;62,67;0,45;0,41;11,76;49,30;95,87;3,53;7332184530688,49;0,27;0,23;4,53;57,05;4,83;19,80;5,42;7471978455976,04;3,75;13821548262928,10;5469303787562,13;27,47;319389984,13;4,92;5,10;61,83;30900189,24;34,44;19183226,42;1427819,81;3022537,34;6,00;267512656,00;17420846,00;32,40;2,29;4,08;1,32;2,44;1,75;76,68;13328,00;32,43;6873143797,72;3972456796,71;1361012630000,00;25,85;-0,37;0,25;129855209,70;25,37;1070513980827,80;602907768844,37;8,23;2,56;360327980000,00;6,17;6,17;0,36;0,28;0,02;0,30;0,11;0,70;0,25;0,05;0,15;0,54;0,94;7715293526000000,00;7747222062000000,00;4229506060000,00;2123811821000,00;2105694017000,00;2612781949000,00;1616419308000,00;6,17;360327980000,00
31/12/1978;3215,00;19984,00;7,60;1476,55;10183700,00;576090004,00;23579,90;40233000000,00;0,87;0,27;10,14;39533523,10;37,51;580794013,00;27,55;185,68;251,63;73,12;77,37;3,84;78,04;67,58;275751802,00;3,34;0,13;0,35;2,27;0,30;0,29;2313,03;0,34;20,24;0,81;17,15;28,57;73709110,00;18,95;1343389391,00;4281339378,00;2149089760,00;2130173711,00;1649217794,00;2630653393,00;2488945174,00;1541826613,00;248491687,00;2015,94;8630915897864,47;124840944,00;1109846046182,00;66,17;0,50;0,43;12,05;49,17;94,66;4,53;8633877302883,19;0,27;0,24;4,26;60,40;4,42;17,49;2,38;8818514290240,09;3,57;14378618005491,30;6429507020240,17;27,82;414369995,12;4,57;4,94;62,19;31442011,28;34,20;19921141,71;1446191,64;3002825,73;6,00;281977344,00;17601152,00;32,97;2,33;4,11;1,20;2,64;1,75;82,15;13712,00;32,02;8241372392,04;4765222565,41;1524500370000,00;23,10;-0,25;0,29;129855209,70;25,51;1088393685886,92;630809237456,57;7,31;1,67;540796830000,00;7,60;7,60;0,36;0,28;0,02;0,30;0,11;0,70;0,25;0,05;0,15;0,55;0,95;8036190780000000,00;8109558444000000,00;4304533501000,00;2161887547000,00;2142645985000,00;2645070995000,00;1659306117000,00;7,60;540796830000,00
31/12/1979;3140,00;23124,00;6,92;1493,38;10653400,00;648400600,00;25626,70;33612000000,00;0,88;0,26;10,18;39606129,10;37,58;575497766,00;27,41;182,69;249,90;72,26;77,76;3,77;78,54;68,03;294226296,00;5,46;0,21;0,37;3,92;0,27;0,69;2347,33;0,36;20,14;0,82;16,96;28,60;74298328,50;17,54;1350873051,00;4356778367,00;2187311991,00;2167350392,00;1695889127,00;2659389683,00;2545630451,00;1553827901,00;255204029,00;2300,97;10024802145583,30;124774688,00;1413094348925,10;64,55;0,69;0,45;12,21;50,14;95,21;1,78;9999875471677,43;0,27;0,21;4,57;58,51;4,31;20,04;6,90;10241317793490,60;3,50;14913103184749,70;7447495773334,10;28,02;511119995,12;4,79;4,94;62,56;32923407,15;34,58;20459807,60;1538543,27;3039479,46;6,00;294332352,00;17910892,00;33,55;2,38;4,19;1,09;2,83;1,76;87,11;14099,00;34,27;8842567258,79;6073480977,17;1956332780000,00;25,36;-0,36;0,28;129855179,70;25,71;1101789253842,59;732172026799,62;7,30;1,23;606436490000,00;6,92;6,92;0,36;0,28;0,02;0,30;0,11;0,70;0,25;0,05;0,15;0,54;0,90;8228230326000000,00;8193366184000000,00;4380506100000,00;2200418474000,00;2180087662000,00;2674564117000,00;1706021638000,00;6,92;606436490000,00
31/12/1980;3048,00;26172,00;8,97;1454,89;10704900,00;641872888,00;26825,20;37666000000,00;0,89;0,26;10,21;39753927,48;37,72;584934803,00;27,42;179,90;248,22;71,34;78,74;3,71;78,98;68,32;310828488,00;6,13;0,30;0,36;4,47;0,34;0,65;2314,05;0,42;20,27;0,83;16,82;28,35;75604495,00;15,79;1353568870,00;4432963653,00;2225874034,00;2204933267,00;1743754296,00;2687679580,00;2604262669,00;1565443352,00;261101284,00;2549,39;11301342788676,50;119971408,00;1706331134779,27;63,89;0,55;0,52;12,39;49,51;96,55;0,31;11242590844087,80;0,28;0,22;4,78;55,18;3,75;24,03;1,72;11519561206413,10;3,52;15175514321349,00;8436121791517,00;27,46;651479980,47;5,40;4,57;62,84;32794095,69;35,84;20396427,12;1570804,16;3072596,43;6,00;296847040,00;18534788,00;34,14;0,06;1,81;1,06;2,82;1,75;89,02;17273,00;37,14;10161310991,10;6786328378,61;2525736330000,00;29,55;-0,47;0,30;129854909,70;25,35;1126335630694,27;776338906042,17;6,87;2,23;816098260000,00;8,97;8,97;0,36;0,28;0,02;0,30;0,11;0,70;0,25;0,05;0,16;0,54;0,88;8234232923000000,00;8205911646000000,00;4458003514000,00;2239689027000,00;2218314439000,00;2704210505000,00;1754201029000,00;8,97;816098260000,00
31/12/1981;2758,00;28930,00;9,65;1414,45;10270100,00;640619400,00;28360,50;42561000000,00;0,90;0,26;10,20;39773318,90;37,73;595193203,00;27,89;176,65;245,55;70,52;79,41;3,66;79,38;68,88;336615291,10;4,81;0,20;0,29;3,37;0,55;0,40;2458,03;0,39;20,58;0,83;16,71;28,16;78127363,03;14,45;1463008229,00;4511164132,00;2265417634,00;2243548765,00;1793552547,00;2716050910,00;2663754578,00;1577945367,00;267266455,00;2591,73;11691700654139,30;116489968,00;1751846642602,27;65,32;0,48;0,64;12,66;48,67;97,45;1,93;11633609575536,40;0,31;0,24;4,13;55,56;3,35;24,89;1,24;11762556944712,60;3,80;15420602685239,40;8682023218783,31;26,56;780900024,41;4,38;3,96;63,18;31746296,04;36,35;19879068,57;1523332,91;3027894,34;6,00;297929376,00;18965250,00;34,74;0,16;1,93;1,06;2,86;1,76;87,88;17335,00;37,41;10342294419,95;7118524944,46;2342723920000,00;27,55;-0,55;0,28;129854989,70;25,74;1175547827061,37;808970991997,93;6,92;4,37;896014620000,00;9,65;9,65;0,36;0,28;0,02;0,30;0,11;0,70;0,25;0,05;0,16;0,55;0,89;8509652425000000,00;8460545437000000,00;4536996762000,00;2279673266000,00;2257323330000,00;2733630574000,00;1804215203000,00;9,65;896014620000,00
31/12/1982;3053,00;31983,00;8,78;1383,90;10335800,00;654482108,00;29046,30;41921000000,00;0,91;0,25;10,30;39925312,30;37,88;585551387,00;28,09;173,28;242,63;69,71;79,77;3,63;79,87;69,38;351911500,00;3,44;0,17;0,37;2,20;0,62;0,09;2555,62;0,40;20,24;0,84;16,57;27,80;80334531,74;12,90;1496445993,00;4592387213,00;2306485076,00;2283663863,00;1843335917,00;2747460924,00;2725600342,00;1592068848,00;272479750,00;2520,56;11575393234480,00;115103024,00;1623758232930,43;68,11;0,34;0,60;12,83;47,82;97,93;0,89;11533577772599,90;0,29;0,22;3,74;57,74;3,23;23,16;-3,27;11668941525069,50;4,33;15645742142620,80;8791381479847,57;25,06;706140014,65;4,08;3,67;63,51;33745859,07;37,29;19815965,25;1599160,90;3071454,18;6,00;297702208,00;19461060,00;35,37;-1,36;0,42;1,16;2,78;1,80;86,74;16968,00;36,74;8267143622,53;7192452903,75;2702429680000,00;30,81;-0,75;0,26;129854759,70;24,05;1238040335824,40;808165167087,52;6,98;5,32;802888650000,00;8,78;8,78;0,36;0,28;0,02;0,31;0,11;0,69;0,25;0,05;0,16;0,57;0,90;8823356390000000,00;8744109500000000,00;4617386542000,00;2320329587000,00;2297056915000,00;2764641939000,00;1854134229000,00;8,78;802888650000,00
31/12/1983;3081,00;35064,00;14,61;1374,39;10758700,00;685101596,00;32407,90;40356000000,00;0,91;0,25;10,34;40004627,80;37,95;578693906,00;27,49;171,13;240,23;68,92;80,26;3,59;80,20;69,92;368580318,00;3,57;0,18;0,29;2,47;0,35;0,28;2465,39;0,40;20,10;0,84;16,57;27,43;81035539,38;11,98;1426699487,00;4674330282,00;2347917129,00;2324131182,00;1892420773,00;2780287213,00;2788328069,00;1606575837,00;277144402,00;2525,02;11802798948082,80;114488576,00;1573964416427,17;71,57;0,39;0,48;13,02;47,73;98,04;3,86;11748074332438,70;0,29;0,23;4,03;58,97;3,41;21,13;2,07;11908313675757,50;4,18;16148957794802,00;9061066795442,54;24,34;612570007,32;5,32;3,67;63,76;33241117,37;38,05;20034812,12;1615048,29;3062602,60;6,00;302006240,00;19873204,00;36,00;0,82;2,62;1,19;2,66;1,78;91,74;18876,00;35,90;8824069778,63;7468019494,59;3340769220000,00;36,85;-0,59;0,24;129854719,70;23,23;1285457378408,41;808449975794,10;6,85;3,83;1386772260000,00;14,61;14,61;0,36;0,28;0,02;0,31;0,11;0,69;0,25;0,05;0,16;0,57;0,90;8901624029000000,00;8790573848000000,00;4699569304000,00;2361892578000,00;2337676597000,00;2797708407000,00;1903822436000,00;14,61;1386772260000,00
31/12/1984;3202,00;38266,00;17,73;1405,80;11404000,00;732410288,00;36842,00;37799000000,00;0,92;0,25;10,52;40305203,80;38,24;590946786,00;27,22;169,01;238,00;68,14;81,24;3,56;80,62;70,46;385179968,00;3,37;0,13;0,23;2,44;0,28;0,30;2716,85;0,37;19,94;0,84;16,64;27,23;87846404,86;10,87;1605516213,00;4755996689,00;2389231336,00;2364436648,00;1942474557,00;2811866065,00;2851150997,00;1620614375,00;281902607,00;2572,30;12233861106850,90;113575120,00;1675566178119,18;74,10;0,47;0,51;13,36;48,03;98,41;6,01;12214298143381,90;0,28;0,22;4,27;61,17;4,07;17,81;6,84;12327744271344,80;4,18;16729987597300,00;9281248939981,38;25,11;591419982,91;3,90;3,99;64,02;31878367,24;38,54;20636636,76;1603189,72;3035226,34;6,00;308495296,00;20173352,00;36,63;2,88;4,68;1,14;2,64;1,75;95,50;19829,00;37,17;8905514997,22;7760976071,45;3287495120000,00;34,72;-0,54;0,24;129853230,70;24,13;1360854166575,57;823550160174,85;6,73;5,87;1746756790000,00;17,73;17,73;0,36;0,29;0,02;0,31;0,11;0,69;0,25;0,05;0,16;0,59;0,91;9353906687000000,00;9209401835000000,00;4784011621000,00;2404645371000,00;2379366139000,00;2831377429000,00;1955106433000,00;17,73;1746756790000,00
31/12/1985;2935,00;41201,00;23,82;1415,90;11897900,00;783198104,00;37061,70;34362000000,00;0,94;0,25;10,62;40591354,57;38,51;595331876,00;27,25;166,67;234,40;67,40;81,62;3,54;80,98;70,93;403506348,00;3,11;0,14;0,21;2,21;0,30;0,26;2726,04;0,39;19,78;0,85;16,79;27,14;90734456,10;9,16;1622898714,00;4839176734,00;2431378185,00;2405418710,00;1993865001,00;2843618667,00;2914714521,00;1634832512,00;287249869,00;2658,94;12867067704326,60;110186840,00;1700002471629,45;75,43;0,43;0,36;13,42;46,88;98,80;4,99;12824394346806,40;0,32;0,25;3,96;61,09;3,64;16,52;3,79;12932091500981,20;4,23;17338386457302,80;9791975933158,61;24,63;628299987,79;3,59;3,68;64,28;31931144,34;40,14;21429383,16;1606894,31;3026622,06;6,00;305107744,00;20346938,00;37,27;1,93;3,71;1,13;2,65;1,75;91,42;20555,00;36,71;9694745388,06;8087870780,65;4684978140000,00;46,97;-0,52;0,25;129853130,70;23,90;1397376744652,52;851887607605,95;6,62;2,68;2471367510000,00;23,82;23,82;0,36;0,29;0,02;0,31;0,11;0,69;0,25;0,05;0,16;0,62;0,93;9551489989000000,00;9366146794000000,00;4870921740000,00;2448724603000,00;2422197063000,00;2865842733000,00;2007939063000,00;23,82;2471367510000,00
31/12/1986;3178,00;44379,00;32,51;1417,91;12677000,00;842594296,00;40331,80;36374000000,00;0,96;0,25;10,66;40601740,92;38,52;594791616,00;27,33;163,73;229,81;67,08;81,76;3,50;81,31;71,38;420358576,00;1,52;0,10;0,23;0,93;0,16;0,11;2718,43;0,39;19,79;0,84;16,77;26,93;97605975,02;9,26;1616900332,00;4924747934,00;2474819348,00;2447494834,00;2047040177,00;2875976196,00;2972772337,00;1655397047,00;294144793,00;3089,34;15214197594918,70;105939856,00;1845331553703,38;83,72;0,67;0,57;13,31;49,70;100,17;3,59;15130288926885,20;0,31;0,25;3,67;66,57;3,63;10,63;5,08;15310582307074,50;3,92;17974526661868,00;11616049426811,80;24,50;752960021,97;3,36;3,78;64,58;32849036,78;40,10;21729229,48;1624808,89;3043764,04;6,00;326216928,00;20790332,00;37,93;1,65;3,45;1,14;2,67;1,77;93,34;22094,00;34,28;11904440896,09;10389497996,66;6455609510000,00;53,47;-0,41;0,24;129853230,70;23,65;1429754212254,69;912930760031,05;6,00;2,32;4091121090000,00;32,51;32,51;0,37;0,29;0,02;0,31;0,11;0,69;0,25;0,05;0,17;0,60;0,90;9686402047000000,00;9549369933000000,00;4960567912000,00;2494279319000,00;2466288679000,00;2901028834000,00;2062604394000,00;32,51;4091121090000,00
31/12/1987;3176,00;47555,00;46,95;1444,24;13244800,00;904838104,00;45392,70;36890000000,00;0,99;0,24;10,65;40760853,60;38,67;578047181,00;27,28;161,57;227,25;66,72;81,58;3,46;81,91;71,96;441038287,00;1,81;0,11;0,22;1,25;0,07;0,15;2700,13;0,40;19,77;0,85;16,70;26,83;99566884,74;8,85;1560806624,00;5012556248,00;2519462522,00;2490602390,00;2101834427,00;2908949547,00;3032843878,00;1675813513,00;301407523,00;3454,71;17316905064046,00;104804848,00;2174415467002,17;88,56;0,92;0,85;13,42;50,52;99,39;2,74;17258176151616,90;0,30;0,24;3,68;70,60;4,11;10,24;6,59;17411165875748,60;3,79;18584169258995,60;13172718752250,70;24,73;769000000,00;3,63;4,14;64,83;34762053,68;40,63;22365639,63;1707141,46;3073432,28;6,00;333991936,00;20787468,00;38,60;1,92;3,74;1,15;2,68;1,78;97,62;23783,00;35,60;15697460650,99;13475145515,61;7759669110000,00;55,52;-0,26;0,24;129853140,70;23,93;1463559657401,69;951380943226,51;5,49;2,36;6838576490000,00;46,95;46,95;0,37;0,29;0,02;0,31;0,11;0,69;0,25;0,05;0,17;0,62;0,91;9820740762000000,00;9645640218000000,00;5052522147000,00;2541075232000,00;2511446765000,00;2936753581000,00;2118882551000,00;46,95;6838576490000,00
31/12/1988;2702,00;50257,00;38,26;1469,54;13880900,00;953896012,00;50418,60;33435000000,00;1,02;0,24;10,63;40897037,00;38,80;579687911,00;26,79;160,13;226,38;66,34;81,52;3,40;82,52;73,66;464605261,00;1,70;0,25;0,21;1,00;0,09;0,15;2632,79;0,39;19,83;0,86;16,55;26,68;104597701,19;9,11;1526191864,00;5101287675,00;2564602283,00;2534133572,00;2157626294,00;2941846007,00;3093809508,00;1695923490,00;309002855,00;3791,03;19339159496256,60;101903072,00;2499017348778,62;92,25;1,04;0,90;13,29;50,89;99,96;2,54;19393946608987,80;0,33;0,27;3,93;70,48;3,03;11,31;7,74;19521229909318,90;3,53;19364086416391,10;14579361465462,70;25,70;890340026,86;4,97;2,68;65,03;34184147,35;40,51;23289432,35;1668898,68;3044655,33;6,00;338331648,00;21172104,00;39,29;2,84;4,66;1,13;2,65;1,77;103,23;23634,00;37,44;18769348779,27;16656926812,52;9442254830000,00;59,98;-0,29;0,22;129853130,70;24,61;1537398346906,59;1018932092775,32;5,27;5,05;6283431898000,00;38,26;38,26;0,37;0,29;0,02;0,31;0,11;0,69;0,25;0,05;0,17;0,62;0,89;9926134916000000,00;9729700849000000,00;5145426008000,00;2588387929000,00;2557038065000,00;2972430419000,00;2176126537000,00;38,26;6283431898000,00
31/12/1989;2408,00;52665,00;44,81;1475,93;14021100,00;983208800,00;54428,20;32894000000,00;1,03;0,23;10,64;40995148,40;38,90;595274958,00;26,27;158,81;226,20;65,94;81,09;3,32;82,84;74,10;489418424,50;2,17;0,20;0,22;1,46;0,13;0,16;2781,66;0,39;19,82;0,87;16,37;26,25;106089534,03;9,41;1655849580,00;5189977062,00;2609700361,00;2577668355,00;2213536856,00;2974584483,00;3155231923,00;1715226180,00;316910626,00;3879,71;20135606171256,50;99220072,00;2705877304587,01;93,36;1,26;1,04;13,41;50,93;100,14;4,18;20137123157905,90;0,30;0,22;3,84;71,10;3,02;10,83;8,63;20321574562785,80;3,44;19996171128820,90;15084489083460,70;26,13;957450012,21;4,83;2,66;65,25;34792835,40;39,99;23699896,02;1708667,83;3102061,70;6,00;339565664,00;21786086,00;39,97;1,97;3,74;1,11;2,59;1,74;103,59;23671,00;37,94;20972399645,91;18667594658,63;11536631160000,00;69,31;-0,40;0,22;129852140,70;25,09;1578439304875,04;1034626791174,57;5,14;2,67;7700290630000,00;44,81;44,81;0,37;0,29;0,02;0,31;0,11;0,69;0,25;0,05;0,17;0,62;0,88;10239116877000000,00;10080747325000000,00;5237441558000,00;2635233492000,00;2602207942000,00;3007594615000,00;2233140502000,00;44,81;7700290630000,00
31/12/1990;2391,00;55056,00;32,08;1663,81;14583900,00;1024976616,00;56124,90;28969000000,00;1,05;0,23;10,64;40923990,60;38,83;594003802,00;25,88;156,08;224,56;65,51;81,34;3,25;83,16;74,32;517584409,00;2,56;0,14;0,21;1,85;0,16;0,19;2890,29;0,40;19,42;0,89;16,19;26,22;102874756,45;10,21;1716847663,00;5280062644,00;2655474571,00;2621927799,00;2271130944,00;3007038178,00;3218211428,00;1734022311,00;325168639,00;4299,05;22699238380982,90;100630320,00;3108316464519,25;88,08;1,30;1,09;13,62;51,30;99,78;2,80;22581629994121,10;0,30;0,21;4,14;69,51;3,24;12,05;6,03;22925625530227,70;3,31;20647420852695,30;17089080446062,60;25,81;912700012,21;4,61;2,59;65,43;29848570,00;43,86;20607832,06;1823710,00;3152440,00;6,00;343208640,00;22003504,00;40,66;1,12;2,88;1,09;2,60;1,74;101,95;23732,00;37,91;26740752136,43;23691921771,56;9519106610000,00;50,75;-0,30;0,25;129852140,70;24,72;1644288429731,02;1131485125255,88;4,98;4,17;6214913880000,00;32,08;32,08;0,37;0,29;0,02;0,31;0,11;0,69;0,25;0,05;0,17;0,63;0,88;10557778617000000,00;10333877762000000,00;5327231061000,00;2680895262000,00;2646335779000,00;3040715364000,00;2290228096000,00;32,08;6214913880000,00
31/12/1991;2177,00;57233,00;24,38;1649,65;14360900,00;1133228204,00;56142,30;27955000000,00;1,06;0,22;10,67;40851856,97;38,76;588577921,00;25,21;154,91;224,15;65,36;81,58;3,16;83,36;74,88;543078177,00;1,53;0,11;0,19;0,94;0,14;0,15;2890,45;0,33;19,21;0,90;16,22;26,16;103226563,87;10,04;1701262880,00;5368139818,00;2700155683,00;2665276245,00;2328780104,00;3037429273,00;3274403315,00;1756500024,00;334528596,00;4411,26;23680282881569,70;101054232,00;3206922631030,33;89,95;0,97;0,77;13,80;52,42;99,10;3,32;23573086920294,10;0,34;0,26;3,82;70,83;2,83;11,03;0,59;23803149318080,20;3,01;20969103725997,30;17908717089292,10;25,01;934109985,35;5,45;2,80;65,62;30009210,00;43,27;20799343,28;1814950,00;3153420,00;6,00;351203872,00;22284880,00;41,34;-0,22;1,45;1,01;2,54;1,67;101,71;24666,00;37,83;28075839906,26;25175376343,44;11340785110000,00;56,78;0,04;0,26;129854050,70;24,37;1658894976786,34;1063598237960,11;4,49;0,89;5062606550000,00;24,38;24,38;0,37;0,29;0,02;0,31;0,11;0,69;0,25;0,05;0,17;0,62;0,85;10653798293000000,00;10294192487000000,00;5414289444000,00;2725113179000,00;2689176204000,00;3071296467000,00;2347462336000,00;24,38;5062606550000,00
31/12/1992;1922,00;59155,00;22,54;1621,34;14918800,00;1145436692,00;61025,20;24245000000,00;0,93;0,25;10,60;46863429,06;36,89;696198387,00;24,58;153,85;224,42;65,02;81,20;3,07;83,67;75,32;570936588,00;1,53;0,12;0,21;0,95;0,10;0,14;2805,83;0,34;19,53;0,92;16,36;26,13;107627075,60;9,72;1953419126,00;5452576967,00;2742825761,00;2707001345,00;2384187715,00;3066425436,00;3332572478,00;1773094523,00;344160101,00;4655,20;25382861966747,10;104366256,00;3490524934468,44;88,35;0,93;0,74;14,05;53,76;98,46;0,77;25270106255123,40;0,37;0,28;3,54;72,98;3,00;9,41;2,93;25432460360968,20;2,94;21566244447622,70;19274780364805,40;24,39;794760009,77;4,43;2,60;65,77;29879100,00;40,66;20741660,86;1809580,00;3138050,00;6,00;360817440,00;22547234,00;41,99;0,48;2,06;0,95;2,38;1,57;92,86;24947,00;40,74;32582175817,25;27062098454,46;10819256370000,00;50,19;0,38;0,24;129854110,70;24,06;1711273110363,96;1029336305105,92;4,06;3,16;5042580130000,00;22,54;22,54;0,37;0,28;0,02;0,31;0,11;0,69;0,26;0,05;0,18;0,64;0,86;11767679793000000,00;10550329408000000,00;5498919809000,00;2768050729000,00;2730869164000,00;3100063852000,00;2404337297000,00;22,54;5042580130000,00
31/12/1993;1889,00;61044,00;30,28;1613,04;15986200,00;1142265216,00;67522,60;25853000000,00;0,95;0,25;10,60;46743860,24;36,76;686613438,00;24,18;154,04;225,78;64,54;81,93;2,99;83,92;75,75;602706571,00;1,50;0,09;0,21;0,96;0,06;0,18;2761,77;0,34;20,00;0,93;16,51;26,13;112216974,86;9,11;1896266524,00;5537885402,00;2786023122,00;2749072791,00;2441669150,00;3094221058,00;3394342318,00;1786859879,00;353893707,00;4662,45;25820129586354,20;105458496,00;3495921266583,74;91,94;0,98;0,91;14,42;55,19;98,37;1,32;25705855108684,00;0,35;0,25;3,34;74,00;2,76;8,97;1,71;25815819393018,80;2,76;22011172707085,50;19696926717461,90;23,83;683160034,18;3,96;2,36;65,88;29970470,00;40,38;20874105,03;1794160,00;3123140,00;6,00;372503904,00;22937032,00;42,68;0,24;1,81;0,91;2,41;1,56;89,18;28300,00;40,24;34083073463,83;26901746628,96;13897390390000,00;61,70;0,40;0,21;129749400,70;23,71;1721568213763,64;989551550941,98;3,83;0,60;7255793094000,00;30,28;30,28;0,37;0,28;0,03;0,31;0,11;0,69;0,26;0,06;0,18;0,65;0,86;11982992717000000,00;10625239741000000,00;5581597546000,00;2809940820000,00;2771656778000,00;3126871309000,00;2461223528000,00;30,28;7255793094000,00
31/12/1994;2041,00;63085,00;33,44;1599,01;17218900,00;1233233404,00;77183,30;22833000000,00;0,97;0,24;10,57;46937513,28;36,92;683022129,00;23,80;153,67;226,01;64,01;82,44;2,92;84,19;76,17;642258725,00;1,32;0,10;0,20;0,84;0,05;0,14;2844,39;0,34;20,04;0,94;16,67;26,21;121159878,19;8,84;1942777627,00;5622085293,00;2828618395,00;2790638602,00;2499098200,00;3120961611,00;3456641398,00;1799326378,00;363289219,00;4957,99;27874264172130,20;106967712,00;4002473123096,37;91,33;1,13;1,00;14,95;56,15;98,27;3,36;27790366008997,90;0,42;0,32;3,37;74,72;3,03;7,85;8,69;27890772253702,00;2,58;22702514443826,70;21126282474768,60;24,41;556260009,77;2,90;2,54;66,09;30152090,00;40,57;20983787,41;1814290,00;3146930,00;6,00;382692608,00;23295870,00;43,33;1,75;3,30;0,86;2,35;1,52;92,23;30290,00;41,07;41294903851,41;30901646729,54;14639924190000,00;60,67;0,41;0,21;129737657,70;24,21;1747597666299,78;1082391134411,15;3,88;1,51;8704183090000,00;33,44;33,44;0,37;0,28;0,03;0,31;0,11;0,69;0,26;0,06;0,18;0,66;0,86;12305974430000000,00;10866453812000000,00;5663150427000,00;2851196996000,00;2811953432000,00;3152065592000,00;2518254111000,00;33,44;8704183090000,00
31/12/1995;2183,00;65268,00;33,96;1616,15;18008200,00;1302891640,10;83098,20;22975000000,00;0,98;0,24;10,55;46923262,00;36,91;675648710,00;23,37;152,72;224,75;63,46;81,84;2,86;84,46;76,58;688176383,00;1,37;0,10;0,22;0,84;0,10;0,11;2796,21;0,32;20,14;0,95;16,93;26,30;124928828,17;8,49;1889253508,00;5706753581,00;2871511429,00;2832373839,00;2558104123,00;3146593138,00;3519785689,00;1811874809,00;372224770,00;5439,76;31043365473720,00;110880952,00;4777216670047,29;92,64;1,29;1,17;15,54;57,13;98,34;2,94;30892096896662,30;0,43;0,32;3,70;74,72;3,15;7,45;9,33;30932119809237,50;2,39;23345492224408,20;23363625920340,60;24,51;507160003,66;3,33;2,63;66,27;30839910,00;40,29;21582843,03;1854550,00;3164170,00;6,00;394094752,00;23712400,00;43,99;1,56;3,09;0,82;2,36;1,51;97,75;33379,00;43,17;46884443554,90;37892839599,71;17263728480000,00;63,75;0,41;0,19;129734777,70;24,74;1778633196833,57;1190972688874,67;3,84;1,78;9912788370000,00;33,96;33,96;0,37;0,28;0,03;0,31;0,11;0,69;0,26;0,06;0,18;0,68;0,87;12652192736000000,00;11102767792000000,00;5744212979000,00;2892141549000,00;2852071381000,00;3175969181000,00;2575505235000,00;33,96;9912788370000,00
31/12/1996;2342,00;67610,00;40,97;1633,31;18953600,00;1390963704,00;89164,60;23820000000,00;0,99;0,23;10,54;46991721,52;36,96;689580558,00;23,08;151,02;221,75;62,81;80,88;2,82;84,72;77,00;738045955,00;1,65;0,09;0,21;1,08;0,09;0,17;2974,50;0,32;20,26;0,95;17,09;26,31;128950267,37;8,10;2051155348,00;5789655178,00;2913309780,00;2873437881,00;2616150997,00;3171418327,00;3585670359,00;1818373124,00;382704184,00;5481,55;31736303773998,20;114308200,00;4997870777919,27;89,94;1,39;1,32;16,11;58,17;97,58;2,38;31581900544590,30;0,47;0,36;3,34;73,86;2,79;8,62;6,99;31611093705771,60;2,32;24218523446452,00;23925403011884,00;24,38;558270019,53;3,23;2,36;66,56;31379670,00;40,46;22039447,41;1880550,00;3156360,00;6,00;406607744,00;24005092,00;44,63;2,13;3,61;0,79;2,27;1,45;100,95;35617,00;43,30;57245794766,26;51031422369,24;19806690830000,00;71,92;0,35;0,17;129734336,70;24,61;1871033649845,35;1257377730953,51;3,96;5,20;12228461430000,00;40,97;40,97;0,37;0,28;0,03;0,31;0,11;0,69;0,26;0,06;0,19;0,70;0,89;13081137739000000,00;11534760314000000,00;5824891951000,00;2932815962000,00;2892075969000,00;3198623437000,00;2632941583000,00;40,97;12228461430000,00
31/12/1997;2260,00;69870,00;58,64;1626,41;19546600,00;1455104192,00;102876,10;28879000000,00;1,00;0,23;10,56;47190992,14;37,10;689222722,00;22,75;149,57;219,00;62,25;80,47;2,78;85,54;79,03;792107663,00;1,46;0,08;0,20;0,94;0,08;0,17;3022,94;0,37;20,02;0,96;17,35;26,47;128760311,51;8,04;2083479578,00;5872284397,00;2954901678,00;2914438009,00;2674851444,00;3195320043,00;3649230248,00;1827836360,00;392273082,00;5384,59;31619825931745,30;115151040,00;5401117103559,34;90,42;1,65;1,68;16,88;58,99;97,05;4,02;31513730011559,80;0,47;0,36;3,42;74,00;2,71;8,84;9,84;31438507343934,30;2,32;25027152703646,40;23824259310083,70;24,26;671940002,44;3,29;2,24;66,84;31691800,00;39,51;22394054,68;1855380,00;3112010,00;6,00;418819360,00;24211228,00;45,24;2,41;3,87;0,75;2,24;1,43;103,23;36946,00;45,20;59208846777,68;54100417616,88;22029761480000,00;80,40;0,48;0,15;129803675,70;24,65;1896657573452,12;1216887761998,12;3,85;1,37;17390230970000,00;58,64;58,64;0,37;0,28;0,03;0,31;0,11;0,69;0,26;0,06;0,19;0,71;0,88;13385363276000000,00;11769498547000000,00;5905045788000,00;2973160990000,00;2931884657000,00;3219752754000,00;2690813541000,00;58,64;17390230970000,00
31/12/1998;2365,00;72235,00;72,76;1611,34;19653200,00;1466961780,00;101788,27;27793000000,00;1,01;0,23;10,56;47322844,46;37,21;669215311,00;22,34;148,39;216,46;61,69;80,73;2,75;86,26;80,21;838347056,00;0,93;0,08;0,18;0,49;0,08;0,11;3097,97;0,36;20,31;0,97;17,53;26,61;123338426,06;8,21;2073216799,00;5954004340,00;2996096363,00;2955072851,00;2734083101,00;3217927851,00;3712472979,00;1837345937,00;401350295,00;5297,23;31539757442893,60;110757032,00;5282465876177,99;92,83;2,48;2,49;17,33;59,22;97,71;2,09;31493040823465,70;0,50;0,37;3,36;76,18;2,44;6,85;5,14;31397512149451,30;2,27;25813159414643,60;23904527485277,60;23,94;608760009,77;3,24;1,98;67,09;31860170,00;38,21;22509779,84;1889800,00;3134140,00;6,00;429869632,00;24475480,00;45,88;1,38;2,79;0,71;2,21;1,39;103,61;37928,00;45,60;63498481590,09;57756077865,87;24555200630000,00;89,27;0,38;0,16;129777669,70;24,21;1938995911771,79;1173942105168,66;3,72;2,23;21653210400000,00;72,76;72,76;0,38;0,28;0,03;0,31;0,11;0,69;0,26;0,06;0,19;0,71;0,87;13631969328000000,00;11963211425000000,00;5984793942000,00;3013295709000,00;2971498366000,00;3239632505000,00;2749213598000,00;72,76;21653210400000,00
31/12/1999;2418,00;74653,00;102,99;1623,84;20736600,00;1562256300,00;108629,62;25137000000,00;1,04;0,22;10,57;47356360,33;37,23;661359418,00;21,91;147,93;215,45;61,01;80,96;2,72;86,57;80,55;904516372,00;1,22;0,07;0,15;0,81;0,06;0,13;3134,36;0,36;19,31;0,99;17,54;26,55;132416866,13;7,79;2072935659,00;6034484369,00;3036775418,00;2995066666,00;2793610635,00;3239083612,00;3778418158,00;1842896729,00;410527197,00;5424,53;32734252486333,80;104193152,00;5539544614646,77;99,00;3,67;3,66;18,39;59,30;97,94;3,11;32690779292818,30;0,51;0,35;3,18;75,82;2,29;7,60;5,30;32646152473639,90;2,22;26830845327123,30;24876189459818,50;23,92;513380004,88;3,12;1,87;67,29;32018180,00;37,96;22615862,92;1915380,00;3165900,00;6,00;438300896,00;24625086,00;46,50;2,12;3,50;0,66;2,18;1,35;105,29;38414,00;46,05;70749160472,09;67081633133,48;33181158958442,60;114,74;0,24;0,16;129784451,70;24,01;2010750750506,99;1149862853300,50;3,51;3,70;30698947630000,00;102,99;102,99;0,38;0,28;0,03;0,31;0,12;0,69;0,26;0,06;0,19;0,73;0,89;14063032388000000,00;12334621318000000,00;6064239055000,00;3053349419000,00;3010889613000,00;3258635736000,00;2808231655000,00;102,99;30698947630000,00
31/12/2000;2450,00;77103,00;144,50;1637,21;22008658,00;1674064712,00;118257,21;19248000000,00;1,05;0,22;10,54;47371524,50;37,25;664116833,00;21,68;147,20;213,91;60,19;81,95;2,70;86,57;80,68;975057850,00;2,12;0,07;0,14;1,50;0,07;0,32;3090,17;0,37;18,37;0,99;17,75;26,31;136488432,45;7,30;2052236042,00;6114324044,00;3077193558,00;3034538680,00;2853928243,00;3258666866,00;3848417716,00;1843188798,00;420125727,00;5530,61;33815965497462,60;98649512,00;6331884325301,70;99,23;4,05;4,61;19,08;59,93;98,78;3,59;33855386331040,60;0,54;0,37;3,35;72,70;2,26;10,54;12,52;33730754474661,30;2,21;27984704147107,80;25578859147416,30;24,29;395500000,00;3,04;1,81;67,55;32781530,00;37,90;23311805,66;1908130,00;3170820,00;6,00;452366400,00;24993658,00;47,12;3,14;4,50;0,60;2,16;1,32;101,77;39892,00;50,69;80965647797,71;75230865332,56;30925434367933,20;100,77;0,08;0,14;129765381,70;24,36;2073148557892,43;1144264062287,22;3,38;3,10;46416298347404,10;144,50;144,50;0,38;0,28;0,03;0,31;0,11;0,69;0,26;0,06;0,19;0,75;0,90;14301496512000000,00;12556527157000000,00;6143493823000,00;3093433858000,00;3050059948000,00;3276699476000,00;2868307513000,00;144,50;46416298347404,10
31/12/2001;2206,00;79309,00;103,59;1636,49;22264220,00;1655230214,00;110860,84;18434000000,00;1,07;0,22;10,52;47388728,35;37,26;662178609,00;21,33;146,39;211,94;59,59;82,76;2,67;86,88;80,99;1034495800,00;1,87;0,06;0,14;1,12;0,15;0,40;3159,76;0,41;18,52;1,00;18,18;26,02;136282794,15;7,05;2092333018,00;6193663732,00;3117475579,00;3073582436,00;2918724283,00;3273208448,00;3913807844,00;1846466397,00;430783779,00;5426,39;33609211427621,50;94902440,00;6110145432694,60;95,49;2,42;2,66;20,31;60,32;99,53;2,12;33667176628519,60;0,57;0,40;3,26;73,50;2,16;10,07;0,84;33554844699336,10;2,24;28780808181820,10;25745146332435,40;23,43;286339996,34;2,98;1,68;67,82;33235280,00;37,45;23707262,47;1923460,00;3169360,00;6,00;464081632,00;25199522,00;47,73;0,69;2,00;0,45;2,27;1,30;103,98;40157,00;49,61;80173328726,45;75343113933,50;26792162470741,50;88,14;-0,05;0,15;129764265,90;23,40;2111677349683,52;1132687137160,02;3,37;1,86;33640946608382,80;103,59;103,59;0,38;0,28;0,03;0,31;0,11;0,69;0,26;0,06;0,20;0,75;0,89;14439368959000000,00;12705942741000000,00;6222626606000,00;3133601761000,00;3089024770000,00;3290333648000,00;2933078510000,00;103,59;33640946608382,80
31/12/2002;2280,00;81589,00;81,94;1649,28;20817389,00;1627404873,00;117506,67;17782000000,00;1,08;0,21;10,50;47294657,11;37,19;652227436,00;21,07;145,55;210,05;58,82;83,43;2,64;87,39;81,40;1083357524,00;1,67;0,06;0,14;1,11;0,09;0,27;3133,15;0,45;17,97;1,02;18,17;25,82;139688317,30;6,73;2043524367,00;6272724236,00;3157733773,00;3112370473,00;2987260356,00;3283730657,00;3984083463,00;1844262273,00;441758519,00;5561,28;34884368459978,90;91326744,00;6411935223559,90;96,20;1,87;2,15;21,67;61,20;99,85;3,82;34866657052990,60;0,59;0,41;3,03;74,09;2,08;9,61;3,12;34743502992318,60;2,35;29541676864004,90;26851915953398,80;22,82;277570007,32;2,79;1,69;68,07;33702380,00;38,62;24054448,08;1960710,00;3190660,00;6,00;477806528,00;25166934,00;48,34;1,05;2,34;0,32;2,35;1,28;108,22;38894,00;49,42;88474283725,54;85017462507,29;22802792394180,40;72,44;0,20;0,17;129762074,90;23,03;2149700641504,28;1161522841735,03;3,33;1,80;27470425683278,50;81,94;81,94;0,37;0,28;0,03;0,31;0,11;0,69;0,26;0,06;0,20;0,77;0,90;14699500554000000,00;12888835790000000,00;6301773188000,00;3173900449000,00;3127872723000,00;3300341416000,00;3001808223000,00;81,94;27470425683278,50
31/12/2003;2652,00;84241,00;75,76;1688,48;21282617,00;1665309283,00;124203,20;18932000000,00;1,10;0,21;10,53;47140891,54;37,07;658780168,00;20,86;143,55;207,87;57,99;84,16;2,62;87,88;81,92;1135703975,00;1,86;0,06;0,17;1,23;0,08;0,33;3132,29;0,49;17,45;1,03;18,09;25,26;139830434,22;6,58;2063505222,00;6351855732,00;3198108759,00;3151112363,00;3056809211,00;3293311000,00;4057523021,00;1838972662,00;452725440,00;6160,19;39128640757108,80;81943144,00;7494642054563,00;97,02;1,82;1,86;22,82;62,18;101,37;1,65;39055789509712,70;0,64;0,45;3,04;73,54;1,99;10,35;5,78;39021640860669,70;2,41;30379695573278,60;30072540138528,50;23,06;301510009,77;2,81;1,69;68,33;34882860,00;39,81;25143943,85;1956820,00;3189450,00;6,00;490891200,00;25955560,00;48,95;1,87;3,16;0,29;2,33;1,26;110,65;41051,00;51,18;98164535284,87;95040647607,09;31107425315024,10;84,66;0,18;0,18;129761969,40;23,14;2209587649187,73;1297684425208,86;3,32;2,79;28442099470505,30;75,76;75,76;0,37;0,28;0,03;0,31;0,12;0,69;0,26;0,06;0,20;0,80;0,93;14965206840000000,00;13193180101000000,00;6381185114000,00;3214422031000,00;3166763110000,00;3309664990000,00;3071743997000,00;75,76;28442099470505,30
31/12/2004;2513,00;86754,00;83,48;1739,82;23752616,00;1888695284,00;139032,94;21325000000,00;1,12;0,21;10,55;46771835,36;36,74;669746976,00;20,70;141,12;205,02;57,19;84,69;2,61;88,34;82,34;1203418833,50;2,52;0,11;0,13;1,61;0,30;0,36;3395,29;0,50;17,23;1,04;18,12;25,39;148746929,41;6,17;2273990004,00;6431527221,00;3238788976,00;3190089432,00;3127682788,00;3302106624,00;4131006941,00;1834843763,00;463027696,00;6856,20;44095864270016,40;76167848,00;9066371348701,00;95,85;2,70;2,23;23,68;63,16;101,89;5,29;44053132351136,60;0,64;0,45;3,59;72,58;1,93;11,29;10,26;43900221192258,50;2,40;31529461906683,10;33498668629658,20;23,79;388510009,77;3,21;1,64;68,65;36252860,00;40,75;26319528,22;2016030,00;3243990,00;6,00;501832576,00;26608512,00;49,52;3,19;4,48;0,27;2,32;1,25;117,07;38724,00;54,62;136891781802,61;136579116231,07;36540979694420,40;88,97;0,28;0,18;129889503,53;24,03;2305468994909,91;1480396600711,64;3,36;4,34;35522648828892,30;83,48;83,48;0,37;0,28;0,03;0,31;0,12;0,69;0,25;0,06;0,20;0,82;0,94;15602179422000000,00;13772280473000000,00;6461159389000,00;3255262626000,00;3205896765000,00;3318325973000,00;3143044892000,00;83,48;35522648828892,30
31/12/2005;2670,00;89424,00;99,43;1767,06;24215712,00;1969590799,00;141483,60;20898000000,00;1,15;0,21;10,56;46862188,37;36,81;679661225,00;20,57;139,04;202,96;56,49;85,47;2,59;88,48;82,26;1243520718,00;3,21;0,20;0,13;2,24;0,25;0,39;3313,53;0,54;16,97;1,05;17,87;25,25;151518162,01;5,75;2252079376,00;6511724848,00;3279734977,00;3229328768,00;3199824687,00;3310160129,00;4202555491,00;1834109844,00;472398407,00;7336,61;47773981888484,20;70860984,00;10305137849873,00;95,12;2,94;3,28;24,34;64,09;102,20;3,72;47728201404080,60;0,66;0,47;3,82;70,70;1,79;13,57;8,36;47497920614125,30;2,39;32770833968941,40;36051635213221,80;24,18;397860015,87;3,42;1,55;68,92;37346260,00;41,61;27325257,18;2023940,00;3272710,00;6,00;509273536,00;26899108,00;50,13;2,77;4,05;0,24;2,31;1,25;117,37;39096,00;56,68;160591524548,46;175456110928,98;40512446419170,10;92,30;0,36;0,22;129889492,28;24,54;2394357430527,37;1544629313207,59;3,23;3,86;44715529729409,90;99,43;99,43;0,37;0,28;0,03;0,31;0,12;0,69;0,25;0,06;0,20;0,84;0,95;15861273567000000,00;14011540164000000,00;6541907027000,00;3296485267000,00;3245421689000,00;3326253520000,00;3215905863000,00;99,43;44715529729409,90
31/12/2006;2706,00;92130,00;117,99;1796,64;24829383,00;2072413898,00;148937,60;24560000000,00;1,17;0,20;10,54;46914799,09;36,83;673481951,00;20,42;136,33;199,49;55,98;85,94;2,58;88,76;82,53;1261205623,00;3,62;0,35;0,14;2,45;0,27;0,41;3342,90;0,57;17,47;1,06;17,67;25,14;152829754,39;5,07;2251391927,00;6592711655,00;3321062274,00;3268965072,00;3272625329,00;3318331550,00;4270110398,00;1837031013,00;482885938,00;7852,52;51769424091305,20;68962904,00;11871149850684,00;95,89;4,13;4,25;25,19;65,28;102,29;5,22;51892355785213,00;0,67;0,48;4,59;68,87;1,71;14,48;9,14;51319499509066,90;2,36;33921710632460,50;38623785303743,40;24,75;435910003,66;4,11;1,51;69,26;38444310,00;42,79;28223539,05;2053490,00;3301930,00;6,00;515590912,00;27107698,00;50,76;3,21;4,50;0,25;2,28;1,24;120,18;43104,00;58,94;172574528898,76;184517309438,81;50074965608306,60;105,79;0,59;0,20;129885400,64;25,39;2461244532976,20;1664193096114,71;3,21;2,79;57757269306429,80;117,99;117,99;0,37;0,28;0,03;0,31;0,12;0,69;0,25;0,06;0,21;0,85;0,95;16207207333000000,00;14286074822000000,00;6623517833000,00;3338132929000,00;3285384988000,00;3334401687000,00;3289446226000,00;117,99;57757269306429,80
31/12/2007;2645,00;94775,00;161,17;1824,04;26016011,00;2209136496,00;158205,95;26607000000,00;1,20;0,20;10,52;46868683,90;36,79;686633980,00;20,34;133,89;196,51;55,53;86,91;2,57;88,67;82,82;1254127116,00;3,67;0,53;0,17;2,30;0,30;0,37;3411,53;0,61;17,41;1,07;17,35;25,05;156495951,97;4,87;2342481223,00;6674181848,00;3362615406,00;3308860269,00;3345847975,00;3326564331,00;4336110612,00;1842787535,00;492577526,00;8738,35;58321351515739,10;60453448,00;13743615245880,00;96,22;5,43;5,33;26,05;66,94;103,05;5,05;58190065032661,30;0,66;0,47;4,97;69,03;1,65;14,14;7,64;57768945792469,40;2,33;35345350602069,80;43202124659975,00;25,22;439079986,57;4,28;1,51;69,59;39738280,00;41,92;29312213,50;2105280,00;3335870,00;6,00;523755392,00;27537410,00;51,39;3,16;4,44;0,25;2,24;1,24;126,46;44034,00;59,33;204790053526,89;208378807415,73;60456082457876,50;113,71;0,68;0,18;129885204,19;25,92;2495032495470,28;1974579711874,29;3,39;1,37;88389829365348,70;161,17;161,17;0,37;0,28;0,03;0,31;0,12;0,69;0,25;0,07;0,21;0,86;0,95;16607322719000000,00;14676464294000000,00;6705946610000,00;3380183020000,00;3325763623000,00;3342809033000,00;3363609560000,00;161,17;88389829365348,70
31/12/2008;2960,00;97735,00;139,89;1829,63;25498093,00;2208218737,00;158487,87;24105000000,00;1,21;0,20;10,53;46783694,02;36,73;703264965,00;20,23;131,05;193,82;55,15;88,46;2,55;89,45;83,34;1249457978,00;4,99;0,56;0,18;2,93;0,82;0,50;3579,35;0,64;17,47;1,07;17,07;24,97;159493839,45;4,60;2517239224,00;6757000414,00;3404795146,00;3349478592,00;3421460545,00;3333755606,00;4400981315,00;1851138276,00;502154142,00;9473,80;64014455631901,50;59403244,00;15970440099921,00;99,81;4,02;3,80;27,06;68,57;103,43;-0,06;63635924338596,30;0,67;0,47;4,84;65,82;1,53;17,34;3,25;63422677711606,10;2,39;35947116704277,40;47450294045232,90;25,24;495950012,21;4,01;1,40;69,90;40139260,00;44,48;29574920,78;2099790,00;3352150,00;6,00;531901888,00;27786180,00;52,03;0,75;2,00;0,22;2,26;1,24;119,97;43949,00;60,99;225772402402,72;251392624527,94;32418515670953,40;56,03;0,59;0,20;129869133,15;25,88;2579333593118,78;2279757455764,33;3,56;3,38;83873076311125,50;139,89;139,89;0,37;0,28;0,03;0,31;0,12;0,69;0,25;0,07;0,21;0,89;0,97;17238823625000000,00;15260665027000000,00;6789088686000,00;3422546382000,00;3366542290000,00;3350052125000,00;3439719128000,00;139,89;83873076311125,50
31/12/2009;3000,00;100735,00;116,65;1796,22;26122523,00;2249728546,00;175509,34;23806000000,00;1,23;0,20;10,53;46756685,29;36,71;690900518,00;20,04;128,01;190,43;54,81;89,15;2,53;89,52;83,62;1254105077,00;2,78;0,32;0,17;1,62;0,35;0,32;3601,00;0,65;17,70;1,07;16,89;24,68;163312149,76;4,18;2487936013,00;6839553692,00;3446753169,00;3390053977,00;3497450435,00;3340304403,00;4464266309,00;1860245966,00;512294870,00;8879,29;60730361716385,60;60533600,00;12195837426460,00;110,57;2,18;2,32;28,13;69,40;103,31;-0,42;60456864463382,60;0,68;0,49;4,17;67,97;1,48;14,23;-11,57;60150078201949,30;2,62;35917617833283,70;46235921728707,40;23,23;630779968,26;3,50;1,37;70,25;39846770,00;42,78;29253757,51;2102300,00;3346350,00;6,00;535708896,00;28158870,00;52,67;-2,50;-1,31;0,20;2,22;1,22;117,96;42669,00;52,46;217940777778,02;247243204181,68;47471292783750,00;83,57;0,59;0,21;129867501,48;23,87;2644282049127,35;2237501044112,75;3,68;2,52;66569095559822,50;116,65;116,65;0,37;0,28;0,03;0,32;0,12;0,68;0,25;0,07;0,21;0,89;0,96;17411654564000000,00;15368821657000000,00;6872767093000,00;3465089423000,00;3407677565000,00;3356910791000,00;3516830263000,00;116,65;66569095559822,50
31/12/2010;3410,00;104145,00;111,94;1874,66;29637929,54;2628261258,21;182025,63;25718000000,00;1,25;0,20;10,53;46774506,60;36,72;686200354,00;19,81;124,99;187,63;54,52;88,92;2,52;89,57;84,02;1229408756,00;3,71;0,61;0,18;2,12;0,55;0,25;3592,83;0,64;17,69;1,07;16,89;24,31;166876013,87;3,81;2465408342,00;6921854591,00;3488472947,00;3430616859,00;3573943037,00;3346098292,00;4526289075,00;1869224171,00;523576561,00;9605,56;66488281440229,60;60239992,00;14921090087746,00;107,78;2,64;2,85;29,40;71,08;102,72;5,16;66350001465224,40;0,66;0,45;4,77;67,12;1,63;15,03;11,79;65630210641598,70;2,52;37078867643792,50;49603617418284,30;24,41;601599975,59;4,26;1,56;70,56;41817500,00;44,33;31031799,04;2140800,00;3367470,00;6,00;546431040,00;28644658,00;53,30;3,25;4,49;0,17;2,19;1,20;130,15;43427,00;56,96;237489497481,59;270171395366,08;54259517739629,90;87,09;0,83;0,19;129869706,68;25,39;2720391412010,79;2577003689925,90;3,88;2,88;70092591939610,60;111,92;111,94;0,37;0,28;0,03;0,32;0,12;0,68;0,25;0,07;0,21;0,89;0,95;17751162688000000,00;15687280201000000,00;6956823603000,00;3507703635000,00;3449119953000,00;3363301013000,00;3594868146000,00;111,92;70092591939610,60
31/12/2011;3902,00;108047,00;104,74;1881,48;30564978,10;2786953830,18;183037,23;29971000000,00;1,25;0,20;10,61;47959422,12;36,93;696342918,00;19,63;122,19;184,82;54,36;88,50;2,50;89,78;84,28;1201532646,00;4,81;0,73;0,17;2,82;0,73;0,35;3711,29;0,65;17,73;1,07;17,03;24,12;175816233,95;4,02;2584333349,00;7003760440,00;3529883004,00;3471095394,00;3648273263,00;3353658726,00;4583873923,00;1880270432,00;536834044,00;10516,31;73653745496223,10;60561624,00;17852921535316,00;109,19;2,96;3,16;31,19;72,25;103,10;2,86;73575788980959,30;0,70;0,51;5,05;64,36;1,73;17,23;6,53;72871054907846,40;2,41;38246140535385,50;54381900341797,70;25,18;488970001,22;4,43;1,67;70,88;43022060,00;45,80;32004027,85;2221570,00;3421190,00;6,00;555073216,00;29143406,00;53,93;2,13;3,34;0,23;2,08;1,18;135,37;44323,00;60,19;269680513693,06;296727405235,50;47521341225558,90;68,63;0,87;0,19;129870230,19;26,17;2822832993497,32;2937398242938,34;3,99;3,77;72891201622479,40;104,73;104,74;0,37;0,28;0,03;0,32;0,12;0,68;0,25;0,07;0,21;0,92;0,97;18303212059000000,00;16234680188000000,00;7041194301000,00;3550332593000,00;3490861575000,00;3371584714000,00;3671423872000,00;104,73;72891201622479,40
31/12/2012;4483,00;112530,00;82,00;1891,70;30771384,59;2894054971,56;175051,34;27956000000,00;1,27;0,19;10,67;47955059,53;36,93;708597049,00;19,51;119,12;181,91;54,21;89,24;2,49;90,34;84,73;1179304023,00;4,11;0,44;0,17;2,70;0,43;0,37;3621,42;0,67;17,90;1,09;17,14;24,20;180532909,31;4,16;2566124436,00;7089254548,00;3572962647,00;3513490180,00;3724773727,00;3362636703,00;4643662239,00;1891374489,00;551416097,00;10623,44;75312277992941,60;58980720,00;18015511775519,00;111,40;2,26;2,69;32,55;73,07;103,78;3,42;75458017393874,00;0,21;0,19;4,53;63,87;1,59;17,92;2,25;74475109689852,00;2,37;39175041958572,90;55416120925547,10;25,37;483132904,05;4,03;1,57;71,17;43582450,00;45,86;32444191,55;2231950,00;3439240,00;6,00;562061568,00;29387108,00;54,59;1,43;2,67;0,27;2,10;1,22;131,90;43772,00;59,94;275508447753,01;304537918675,65;54503236899688,70;78,21;0,97;0,18;129864695,50;26,42;2861041072196,41;3024381259847,62;4,02;1,35;58271303158294,30;81,98;82,00;0,37;0,29;0,03;0,32;0,12;0,68;0,25;0,07;0,21;0,94;0,97;18608866825000000,00;16439119687000000,00;7125828059000,00;3592963006000,00;3532864951000,00;3380334349000,00;3747842586000,00;81,98;58271303158294,30
31/12/2013;5195,00;117725,00;87,63;1894,11;31464398,88;3048275073,17;175829,56;27128000000,00;1,27;0,19;10,68;47877732,99;36,87;724518874,00;19,30;117,45;179,53;54,08;89,30;2,47;90,67;84,93;1142234079,00;3,67;0,40;0,17;2,45;0,29;0,35;3824,24;0,69;18,27;1,10;17,68;23,55;188864093,61;3,78;2770739457,00;7175500378,00;3616329171,00;3556354839,00;3802446099,00;3371199704,00;4703026698,00;1902371262,00;567286049,00;10792,21;77439507217123,80;57690856,00;18388190119430,00;111,90;2,48;2,68;33,45;74,51;104,02;2,57;77443738627762,70;0,22;0,20;4,29;64,00;1,57;17,12;2,52;76649085057395,60;2,30;40252906487898,10;56955950715897,80;25,46;465174530,03;3,86;1,52;71,47;44233530,00;44,57;33053846,52;2208840,00;3405660,00;6,00;573827264,00;30517070,00;55,25;1,61;2,84;0,25;2,09;1,22;134,55;44853,00;59,15;298418875884,67;330599731909,31;64367842410397,40;88,81;0,96;0,20;129863403,12;26,45;2994521827717,47;3212380280470,54;4,15;4,67;63699200775026,50;87,62;87,63;0,37;0,29;0,03;0,32;0,12;0,68;0,25;0,07;0,21;0,96;0,98;19181172304000000,00;17065359849000000,00;7210581976000,00;3635575332000,00;3575006709000,00;3388436123000,00;3824990329000,00;87,62;63699200775026,50
31/12/2014;5839,00;123564,00;100,19;1919,99;32339781,98;3227291386,48;184831,11;26983000000,00;1,28;0,19;10,69;47889155,74;36,88;724249847,00;19,21;115,98;176,74;54,00;89,05;2,46;90,99;85,36;1091281186,00;3,13;0,27;0,19;2,13;0,24;0,29;3896,89;0,72;17,75;1,10;17,62;23,29;193445421,81;3,55;2822322838,00;7261846543,00;3659746831,00;3599285700,00;3881124742,00;3378873012,00;4760725173,00;1913538371,00;584768985,00;10955,57;79557660119700,00;61164004,00;18478674275875,00;114,35;2,17;2,39;35,79;75,34;102,77;3,59;79776008946022,70;0,22;0,20;4,15;65,95;1,51;15,93;3,27;78875916037588,00;2,25;41401103301634,10;58419609217293,00;25,75;458978729,25;3,86;1,45;71,75;44438190,00;44,44;33085191,98;2234500,00;3427420,00;6,00;580938688,00;30809254,00;55,92;1,89;3,12;0,23;2,07;1,20;137,99;45743,00;58,55;330877909350,37;372080446807,18;67177254463959,20;90,16;0,77;0,20;129862977,91;26,57;3081108744682,41;3280964430079,10;4,12;2,89;74944361363391,20;100,15;100,19;0,37;0,29;0,03;0,33;0,12;0,67;0,25;0,07;0,22;0,98;0,99;19524936613000000,00;17396558509000000,00;7295290765000,00;3678161837000,00;3617128922000,00;3395621099000,00;3902831934000,00;100,15;74944361363391,20
31/12/2015;7099,00;130663,00;157,27;1901,93;33362839,00;3466478485,00;187769,42;28585000000,00;1,29;0,19;10,71;47681467,60;36,71;727377783,00;18,96;114,34;171,97;53,98;88,72;2,46;91,03;85,54;1045929772,00;1,71;0,18;0,18;0,96;0,16;0,24;3920,35;0,75;17,71;1,10;17,41;23,11;199741128,60;3,28;2851573171,00;7347679005,00;3702959671,00;3641926223,00;3960624201,00;3385230743,00;4816015834,00;1924804010,00;604066046,00;10222,61;75112444159420,10;63193864,00;16102999343573,00;119,18;2,85;3,56;36,87;75,45;102,42;3,44;75232602112653,60;0,22;0,20;3,88;70,15;1,56;11,32;2,47;74491192718499,40;2,26;42617875521228,10;55140821418453,50;25,79;419924499,51;3,71;1,47;71,95;44423270,00;44,54;32943427,78;2241760,00;3442060,00;6,00;583094016,00;31228198,00;56,57;1,96;3,17;0,19;2,05;1,18;135,83;43983,00;56,17;330465571694,17;396056122767,05;62268183687150,30;94,39;0,74;0,19;129880684,50;26,59;3160423800932,33;3160423800932,33;4,21;2,57;101168029658780,00;157,24;157,27;0,36;0,29;0,03;0,33;0,12;0,67;0,24;0,07;0,22;1,00;1,00;19773007944000000,00;17634061573000000,00;7379797139000,00;3720696374000,00;3659100593000,00;3401511157000,00;3981497663000,00;157,24;101168029658780,00
31/12/2016;9131,00;139794,00;123,24;1905,35;34687965,00;3705101897,00;194898,28;31371000000,00;1,29;0,19;10,76;47691466,94;36,70;733367261,00;18,94;112,81;170,14;54,07;88,90;2,44;91,45;85,99;1007951962,00;1,50;0,20;0,19;0,80;0,16;0,15;4009,23;0,73;17,83;1,11;17,09;23,44;194016881,34;3,54;2940242868,00;7433569330,00;3746263485,00;3684519302,00;4040915561,00;3390840151,00;4867706948,00;1936769641,00;626306196,00;10264,93;76305058874647,80;62320560,00;15541495034209,00;123,30;2,80;3,55;37,40;75,68;103,97;2,74;76282280462949,00;0,22;0,20;3,62;71,84;1,51;9,58;2,04;75614312365372,10;2,22;43872397838160,40;56202466750566,30;25,47;376965332,03;3,53;1,48;72,19;44550150,00;43,21;32940650,08;2263530,00;3465770,00;6,00;586694080,00;31912294,00;57,20;1,64;2,83;0,17;2,03;1,17;138,16;43806,00;54,40;332994201608,50;373376812605,46;65117714419402,80;96,88;0,72;0,21;129956634,13;26,35;3231664740139,89;3163711707553,62;4,15;2,25;77665442539514,60;123,22;123,24;0,36;0,29;0,04;0,33;0,12;0,67;0,24;0,07;0,22;1,02;1,01;20017116449000000,00;17924020319000000,00;7464022049000,00;3763157221000,00;3700864713000,00;3406311597000,00;4060652683000,00;123,22;77665442539514,60
31/12/2017;11476,00;151270,00;115,57;1909,09;35703836,06;3973790462,77;212866,65;31694000000,00;1,32;0,19;10,83;48088210,03;37,01;734598109,00;18,62;111,23;168,26;54,20;89,16;2,43;91,63;86,22;983849866,00;1,95;0,25;0,20;1,10;0,21;0,19;4114,05;0,74;17,72;1,12;16,94;23,39;195734477,25;3,45;3022177937,00;7519183459,00;3789475509,00;3726903700,00;4121601094,00;3395754793,00;4917748760,00;1948600924,00;650029530,00;10798,15;81193291658568,70;62812336,00;17178896646969,00;121,59;2,57;2,69;37,85;75,40;103,89;3,69;81295071732629,80;0,22;0,20;4,11;70,47;1,52;11,25;6,11;80338513911955,80;2,17;45383545333414,10;59328376458397,80;25,91;346588653,56;3,70;1,45;72,39;45117640,00;44,06;33351608,09;2306980,00;3505600,00;6,00;588441600,00;31867238,00;57,86;2,22;3,39;0,14;2,00;1,15;138,94;43440,00;56,15;363528149697,67;402059333950,34;79501947538294,80;110,91;0,75;0,20;129956069,10;26,93;3349733017401,84;3337507322764,45;4,11;3,65;77703308882275,10;115,55;115,57;0,37;0,29;0,04;0,33;0,12;0,67;0,25;0,07;0,22;1,04;1,01;20586732440000000,00;18410425799000000,00;7547858925000,00;3805469093000,00;3742389807000,00;3410073507000,00;4140188594000,00;115,55;77703308882275,10
31/12/2018;11227,00;162497,00;95,76;1905,46;36828232,25;4242447521,13;221165,70;26967000000,00;1,32;0,18;10,83;47953427,48;36,90;728365199,00;18,16;114,15;168,01;54,34;89,41;2,42;91,55;86,25;948165492,00;2,44;0,23;0,16;1,52;0,24;0,29;4070,67;0,75;17,45;1,12;17,00;23,45;196497495,73;3,42;2964932598,00;7602454161,00;3831514803,00;3768124182,00;4201371130,00;3399248682,00;4965495495,00;1959590864,00;674552619,00;11347,34;86267600625419,40;61639532,00;18941914252089,00;122,58;0,74;1,05;38,43;76,01;101,51;2,85;86243803476022,20;0,22;0,20;4,14;69,51;1,48;12,94;4,54;85394929323568,40;2,15;46896998620440,10;62665098524040,60;26,38;301519073,49;3,73;1,42;72,57;45873850,00;43,94;34041045,97;2296270,00;3513570,00;6,00;597468032,00;31962270,00;58,50;2,14;3,27;0,10;1,94;1,11;136,82;43554,00;57,69;395280997948,03;434367290150,71;68893043867461,10;91,66;0,66;0,19;129949282,71;27,36;3430621431169,63;3388018536520,84;3,93;2,41;68251363602176,00;95,74;95,76;0,36;0,29;0,04;0,33;0,12;0,67;0,25;0,07;0,22;1,04;1,01;20816777387000000,00;18627513824000000,00;7631091040000,00;3847487861000,00;3783603252000,00;3413002007000,00;4219817318000,00;95,74;68251363602176,00
31/12/2019;11377,00;173874,00;83,96;1906,63;39203774,39;4557605838,23;221495,76;26933000000,00;1,31;0,19;10,81;47911034,82;36,87;732110189,67;17,89;118,39;171,98;54,46;89,63;2,40;91,73;86,48;913301250,00;2,02;0,18;0,14;1,30;0,18;0,22;4064,65;0,76;17,67;1,14;17,01;23,43;195416284,77;3,47;2975784467,67;7683372259,00;3872331143,00;3808228843,00;4280190216,00;3401355163,00;5012271607,00;1969227276,00;699061108,00;11397,09;87568054407493,10;62810832,00;18437817342916,00;125,44;1,29;1,70;39,41;76,19;101,71;2,59;87532722519257,60;0,22;0,20;4,08;70,19;1,37;12,21;1,72;86947030971564,60;2,19;48083989763766,90;63792403036838,90;26,48;370724395,75;3,72;1,35;72,75;45180546,67;43,74;33444434,72;2288926,67;3494980,00;6,00;602458624,00;32652932,00;59,13;1,52;2,60;0,06;1,88;1,06;137,97;43248,00;56,33;399287791168,47;444525267271,54;78825582830604,80;108,12;0,54;0,19;129949282,71;27,15;3535025910136,55;3511910455975,79;4,01;3,04;61138921504766,60;83,95;83,96;0,36;0,29;0,04;0,33;0,12;0,67;0,25;0,07;0,22;1,05;1,00;20473542092000000,00;18761380881000000,00;7713468100000,00;3889034611000,00;3824433594000,00;3415138305000,00;4299438618000,00;83,95;61138921504766,60
;;;;;;;;;;;;;;;;;;;;;;;;;;;;;;;;;;;;;;;;;;;;;;;;;;;;;;;;;;;;;;;;;;;;;;;;;;;;;;;;;;;;;;;;;;;;;;;;;;;;;;;;;;;;;;;;;;;;;;;;;;;;;;
;;;;;;;;;;;;;;;;;;;;;;;;;;;;;;;;;;;;;;;;;;;;;;;;;;;;;;;;;;;;;;;;;;;;;;;;;;;;;;;;;;;;;;;;;;;;;;;;;;;;;;;;;;;;;;;;;;;;;;;;;;;;;;
;;;;;;;;;;;;;;;;;;;;;;;;;;;;;;;;;;;;;;;;;;;;;;;;;;;;;;;;;;;;;;;;;;;;;;;;;;;;;;;;;;;;;;;;;;;;;;;;;;;;;;;;;;;;;;;;;;;;;;;;;;;;;;
;;;;;;;;;;;;;;;;;;;;;;;;;;;;;;;;;;;;;;;;;;;;;;;;;;;;;;;;;;;;;;;;;;;;;;;;;;;;;;;;;;;;;;;;;;;;;;;;;;;;;;;;;;;;;;;;;;;;;;;;;;;;;;
;;;;;;;;;;;;;;;;;;;;;;;;;;;;;;;;;;;;;;;;;;;;;;;;;;;;;;;;;;;;;;;;;;;;;;;;;;;;;;;;;;;;;;;;;;;;;;;;;;;;;;;;;;;;;;;;;;;;;;;;;;;;;;
;;;;;;;;;;;;;;;;;;;;;;;;;;;;;;;;;;;;;;;;;;;;;;;;;;;;;;;;;;;;;;;;;;;;;;;;;;;;;;;;;;;;;;;;;;;;;;;;;;;;;;;;;;;;;;;;;;;;;;;;;;;;;;
;;;;;;;;;;;;;;;;;;;;;;;;;;;;;;;;;;;;;;;;;;;;;;;;;;;;;;;;;;;;;;;;;;;;;;;;;;;;;;;;;;;;;;;;;;;;;;;;;;;;;;;;;;;;;;;;;;;;;;;;;;;;;;
;;;;;;;;;;35;;;;;;;;;;;;;;;;;;;;;;;;;;;;;;;;;;;;;;;;;;;;;;;;;;;;;;;;;;;;;;;;;;;;;;;;;;;;;;;;;;;;;;;;;;;;;;;;;;;;;;;;;;;;;;;;;;;;
