COD DEFINITIVO;WIPO1;WIPO2;WIPO3;WIPO4;D1;D2;D3;D4;D5;D6;D7;D8;D9;D10;D11;D12;D13;D14;D15;D16;D17;D18;D19;D20;D21;D22;D23;D24;D25;D26;D27;D28;D29;D30;D31;D32;D33;D34;D35;D36;D37;D38;D39;D40;D41;D42;D43;D44;D45;D46;D47;D48;D49;D50;D51;D52;D53;D54;D55;D56;D57;D58;D59;D60;D61;D62;D63;D64;D65;D66;D67;D68;D69;D70;D71;D72;D73;D74;D75;D76;D77;D78;D79;D80;D81;D82;D83;D84;D85;D86;D87;D88;D89;D90;D91;D92;D93;D94;D95;D96;D97;D98;D99;D100;D101;D102;D103;D104;D105;D106;D107;D108;D109;D110;D111;D112;D113;D114;D115;D116;D117;D118;D119;D120;D121;D122;D123;D124
YR1970;914;1680;567;16;6,339127264;1376,189006;9448300;310441392;16175,20007;22892000000;0,774581436;0,311690035;10,05920068;38818002,79;36,82792415;551605540;32,37663449;226,6627682;289,2841177;76,18125141;74,33068848;4,778572494;77,36290691;67,08653241;158436054;1,081118391;0,285237995;0,260320729;0,458845253;0,06981056;0,006903853;1826,792965;0,327541213;19,63016519;0,726549983;15,92385;28,105;67412833;19,68515093;1007671970;3681975908;1845234090;1834971939;1345474754;2335276447;2103319428;1381778181;195108426;811,2866667;2,98714E+12;124973904;2,65107E+11;57,39294748;0,56037256;0,48115893;10,06562042;41,16440964;89,05162811;5,04813703;2,99928E+12;0,208540572;0,194555438;7,300676186;59,91354149;6,535249714;9,02519688;8,3882003;3,03799E+12;4,969682702;1,04816E+13;2,22055E+12;27,35844582;197800003,1;6,996169691;7,559972089;58,57975803;27057171,8;37,4859597;15272289,24;1269938,928;2874648,922;6;188479216;14300965;28,35414011;1,788770671;3,91743115;1,788341608;2,621056321;2,091252763;74,6326607;14238,16049;25,01206897;2794787769;731652948,2;1,24592E+12;28,23892193;0,001044178;0,219186616;129856729,7;25,66306642;8,99887E+11;2,89602E+11;9,694964242;5,229269636;3,31844E+11;6,339127264;6,339127264;35,02%;28,65%;1,89%;30,54%;10,69%;69,46%;24,33%;4,03%;13,21%;52,36%;104%;6.678.414.340.000.000;6.683.130.967.000.000;3.700.437.046.000;1.855.390.166.000;1.845.046.876.000;2.346.362.154.000;1.354.215.496.000;6,339127264;3,31844E+11
YR1971;1317;2438;726;18;6,340988584;1337,611996;9504500;331604904;16370,20003;29869000000;0,784337505;0,303512339;10,01378349;38966564,07;36,96887266;564258870;31,5689563;219,3588482;282,934476;76,16397544;74,30158997;4,669268331;77,37129682;67,0834593;158436054;1,051245878;0,197423296;0,253218325;0,510680506;0,07844945;0,011474301;1976,432743;0,326640642;19,66689889;0,72845;16,24282;28,23694;67848380;18,04487923;1115215163;3760516757;1885029034;1873681546;1381496807;2377767005;2148672042;1408244023;201794523;877,4414321;3,29963E+12;128474832;2,91161E+11;60,64122473;0,478713434;0,471418926;9,931969643;42,73159027;89,18244171;3,731658607;3,31066E+12;0,214363532;0,202887792;6,117496986;61,55445013;6,155892604;10,50701893;5,518951714;3,3663E+12;4,489397624;1,09606E+13;2,46976E+12;27,15531226;236339996,3;5,741300568;6,777059592;59,11045886;25652776,28;36,01597501;15913710,78;1199396,692;2840961,467;6;198245584;14599792;28,95896928;2,112198209;4,290370729;1,819508695;2,677274538;2,133116863;74,65962528;14183,37037;25,16467315;3200194147;1195651035;1,25476E+12;28,16304555;0,099324884;0,226231075;129856719,7;25,15044672;9,18284E+11;3,03841E+11;9,208330094;2,0443587;3,34377E+11;6,340988584;6,340988584;35,13%;28,45%;1,90%;30,35%;10,66%;69,65%;24,47%;4,09%;13,49%;52,35%;102%;6.822.406.853.000.000;6.845.062.197.000.000;3.775.759.617.000;1.893.576.146.000;1.882.183.563.000;2.386.956.801.000;1.388.834.099.000;6,340988584;3,34377E+11
YR1972;1644;2820;1061;27;6,27113043;1372,434154;9421500;418331166,7;16586,70006;29355000000;0,792798716;0,297040094;10,00772602;39053179,3;37,05108256;553063945;31,07080871;212,2979476;276,4683773;76,04873384;74,44290924;4,53970361;77,36178561;67,11277554;158436054;1,092427402;0,178550595;0,258631553;0,559016396;0,073701884;0,022526974;1965,765548;0,326822845;19,72016667;0,735520005;16,45203;27,836;63951403;19,82874409;1087195614;3836900801;1923739624;1911315351;1417515045;2418101600;2193875387;1433034031;208145557;991,637093;3,80481E+12;127439600;3,49557E+11;64,80468037;0,503104976;0,422971584;10,12740993;44,57513046;90,15673065;5,491191054;3,82625E+12;0,217403002;0,204386748;5,462372609;61,943024;5,928176981;10,23413426;8,234699371;3,87757E+12;4,222680317;1,16118E+13;2,83709E+12;27,32457071;263750000;5,406622767;6,723007743;59,59650708;27508882,46;34,56720629;16680140,79;1251832,918;2871562,418;6;209995104;15302541;29,54720991;3,527526071;5,630388954;1,696322428;2,607189377;2,031211372;75,14284063;14281,77778;25,38910025;3547765858;1444333426;1,22828E+12;27,92324293;0,186407156;0,207599098;129856619,7;25,43429211;9,20259E+11;3,37966E+11;8,882581907;0,215002508;3,25299E+11;6,27113043;6,27113043;35,21%;28,37%;1,91%;30,28%;10,66%;69,72%;24,55%;4,16%;13,75%;51,62%;99%;6.828.726.617.000.000;6.808.049.382.000.000;3.851.650.245.000;1.932.065.603.000;1.919.584.566.000;2.426.810.400.000;1.424.734.781.000;6,27113043;3,25299E+11
YR1973;1794;2898;1140;36;6,405262779;1418,520868;9764900;401571800;15568,70012;33324000000;0,806046293;0,292661309;10,06375458;39200076,9;37,19047402;569014415;30,44963575;207,63249;271,7332258;75,83224295;74,91059113;4,410469926;77,35563829;67,0633624;158436054;1,517393617;0,298560887;0,370044027;0,722784534;0,07370066;0,052303509;1998,998294;0,329160153;19,50343;0,751489997;16,49009;28,36033;64732237;21,18182947;1137462946;3912984371;1962314336;1948785837;1454827837;2456842164;2240153070;1456625139;214321972;1186,259223;4,64181E+12;119880720;4,88554E+11;64,60560094;0,651654915;0,480554015;10,35441017;45,96009064;92,90976715;5,921561428;4,66541E+12;0,223653077;0,202612664;5,635816193;60,57526334;6,275052217;10,85018279;11,41094982;4,72817E+12;3,77055639;1,22449E+13;3,40207E+12;28,60080287;256260009,8;5,512578821;7,316157233;60,04732476;28423385,49;33,80810217;17582029,2;1290757,194;2911944,728;6;220505920;15827891;30,1331306;4,354247848;6,423533486;1,602106545;2,632267794;1,982943369;74,09551618;14249,33333;28,42108272;4143925270;1791036739;1,25471E+12;28,6304773;0,310717178;0,227047473;129856549,7;26,70808513;9,68109E+11;4,26044E+11;9,178394719;5,19967196;3,35856E+11;6,405262779;6,405262779;35,34%;28,39%;1,94%;30,33%;10,72%;69,67%;24,63%;4,25%;14,02%;53,21%;100%;7.091.259.620.000.000;7.192.574.023.000.000;3.927.780.238.000;1.970.688.554.000;1.957.091.634.000;2.465.360.325.000;1.462.178.370.000;6,405262779;3,35856E+11
YR1974;2267;4180;1761;32;6,346572545;1391,126436;9254900;421145200;16955,19991;34209000000;0,816568492;0,28596958;10,03099095;39287595,7;37,27367235;569158990;29,6058653;202,7322982;266,717861;75,46339745;75,04946899;4,288770812;77,39646657;67,07423994;158436054;4,129635419;0,417461115;0,323901971;2,83469954;0,155734813;0,39783798;1980,466583;0,323938927;19,7771;0,763670027;16,37319;28,48107;68411940;19,85252075;1127199866;3988487336;2000601792;1985962300;1493546941;2493594794;2288129226;1477989661;220445210;1341,340014;5,34992E+12;119205880;7,01517E+11;60,76457768;0,479534983;0,497521303;10,67475033;46,1739502;93,93350983;-1,502469355;5,36806E+12;0,239809792;0,230822277;5,745345263;54,71986825;4,954852984;19,32604277;6,927590445;5,45453E+12;3,785458621;1,24023E+13;3,92208E+12;28,75512658;268649993,9;6,078584787;5,932851829;60,54066306;27783247,44;33,87520105;17563629,93;1257337,91;2915398,218;6;226204464;16277946;30,7146754;-0,12141852;1,805788012;1,495929634;2,661421717;1,929549363;74,74051902;14019;33,26964212;4892143915;1951501554;1,28128E+12;27,93541641;-0,117507102;0,266704064;129856079,7;26,6889206;9,97203E+11;4,8983E+11;9,15584938;3,00525882;3,41974E+11;6,346572545;6,346572545;35,42%;28,26%;1,96%;30,22%;10,70%;69,78%;24,72%;4,31%;14,25%;53,46%;99%;7.212.111.547.000.000;7.246.718.004.000.000;4.003.794.172.000;2.009.259.331.000;1.994.534.610.000;2.502.313.496.000;1.501.134.655.000;6,346572545;3,41974E+11
YR1975;2656;4053;2204;34;6,061555966;1366,359666;9244700;432276500;17236,20014;35207000000;0,826566757;0,280222496;10,01884261;39375239,4;37,35700764;577997250;28,98267745;198,1606417;262,606808;74,91116896;75,6375885;4,15688867;77,33325195;67,20072428;229134059;3,788289988;0,234765348;0,351044285;2,43764503;0,418058889;0,346776436;2094,198266;0,327369455;19,87997;0,774550021;16,47001;28,62487;68160736;18,74865791;1210443643;4062507027;2038133671;2022412506;1530457371;2530673774;2337850923;1496154552;226540705;1466,957223;5,95952E+12;115882984;7,27997E+11;61,90607568;0,564792444;0,487274942;11,16436958;46,66476059;95,27007294;0,427148182;5,97811E+12;0,246365097;0,230343172;4,727805577;56,10415021;4,219597545;19,12139735;-2,549486287;6,06666E+12;3,803934393;1,27016E+13;4,49727E+12;26,36238312;394260009,8;5,313056252;4,860033248;60,98545571;28245747,25;34,84412293;17641960,09;1338975,618;2979621,946;6;233848832;16743671;31,28481396;-1,232629621;0,600328496;1,486968937;2,47132708;1,855833672;76,5924867;14577;31,46827315;5884249672;3432842292;1,14884E+12;27,20383508;-0,024530181;0,307499401;129855559,7;24,53638203;1,03125E+12;5,27657E+11;8,854017902;3,413753701;2,98067E+11;6,061555966;6,061555966;35,47%;28,19%;1,98%;30,17%;10,70%;69,83%;24,77%;4,37%;14,50%;53,23%;96%;7.439.809.111.000.000;7.395.022.317.000.000;4.079.480.606.000;2.047.666.026.000;2.031.814.448.000;2.540.462.204.000;1.538.624.994.000;6,061555966;2,98067E+11
YR1976;3053;4294;2955;43;6,807659827;1421,098064;9562900;471773396;19300,30038;32681000000;0,840511324;0,276443775;10,06721962;39376387,43;37,35817126;588954609;28,14785139;193,3921461;257,8889838;74,49228906;76,16310883;4,040382918;77,33719635;66,91512299;243357486;4,019920894;0,231351269;0,326637046;2,686746517;0,428352597;0,346833465;2102,955404;0,336172077;20,2779;0,775810003;16,72747;28,63334;71736517;19,54435994;1238538558;4135432265;2075110797;2058321439;1568425508;2565599507;2385361867;1514176474;233893891;1566,782224;6,47932E+12;114983880;8,3618E+11;62,40289325;0,503203365;0,342914485;11,67562962;48,28237915;95,87580872;4,826783623;6,48933E+12;0,252413184;0,216291459;4,682769585;56,48118004;4,716607712;20,38002963;8,904016283;6,6012E+12;3,666923118;1,3329E+13;4,84361E+12;27,23564716;353230011;5,132256838;5,501974309;61,40880302;29669095,51;34,48225613;18580873,04;1364746,832;2992540,357;6;247972128;17155078;31,8464528;3,440643964;5,297485941;1,380096216;2,480835972;1,795079677;70,95354283;14152;32,15481724;6106489537;3746375521;1,334E+12;30,7521804;-0,196825516;0,273388495;129855349,7;25,24516266;1,04384E+12;5,37045E+11;8,288606344;1,221579662;3,67528E+11;6,807659827;6,807659827;35,48%;28,29%;2,01%;30,30%;10,75%;69,70%;24,73%;4,46%;14,72%;53,16%;94%;7.523.884.414.000.000;7.582.870.149.000.000;4.154.666.864.000;2.085.824.424.000;2.068.842.328.000;2.576.911.453.000;1.577.376.141.000;6,807659827;3,67528E+11
YR1977;3124;4217;2822;41;6,170501841;1445,221931;9915900;513269292;21322,80009;37202000000;0,853798379;0,271278728;10,05772188;39379694,07;37,36135804;583008670;27,82243409;188,4355529;253,3589673;73,88488345;76,86759949;3,936737207;77,51895142;67,10687256;259049098;3,974427302;0,228718843;0,379745907;2,634804831;0,401353255;0,329804467;2151,862579;0,308275251;20,87687;0,800830007;16,98142;28,73086;71365632;19,13459392;1254554130;4207786422;2111800245;2093948344;1606765720;2599582989;2435473754;1529014780;241260067;1741,633405;7,32842E+12;117273048;9,51543E+11;62,67071338;0,44506667;0,410074729;11,75895023;49,29832077;95,87271118;3,525610505;7,33218E+12;0,266087799;0,233613834;4,529800665;57,04915198;4,829500906;19,79911425;5,418241965;7,47198E+12;3,754307256;1,38215E+13;5,4693E+12;27,46737172;319389984,1;4,917443968;5,103416419;61,83266426;30900189,24;34,44062298;19183226,42;1427819,807;3022537,342;6;267512656;17420846;32,40367816;2,28697811;4,076606763;1,324582496;2,444503217;1,749615333;76,67552753;13328;32,42529953;6873143798;3972456797;1,36101E+12;25,85023375;-0,371544547;0,252911521;129855209,7;25,36859586;1,07051E+12;6,02908E+11;8,226980088;2,555097981;3,60328E+11;6,170501841;6,170501841;35,50%;28,26%;2,04%;30,30%;10,75%;69,70%;24,74%;4,53%;14,97%;53,78%;94%;7.715.293.526.000.000;7.747.222.062.000.000;4.229.506.060.000;2.123.811.821.000;2.105.694.017.000;2.612.781.949.000;1.616.419.308.000;6,170501841;3,60328E+11
YR1978;3215;4226;2497;26;7,602881079;1476,549116;10183700;576090004;23579,89978;40233000000;0,865446343;0,268580591;10,13754453;39533523,1;37,50730284;580794013;27,55209918;185,6801817;251,6310978;73,12285093;77,36798096;3,843072253;78,03890228;67,58017731;275751802;3,341291719;0,134715205;0,352421315;2,27258788;0,295079943;0,286487376;2313,03451;0,337661037;20,23921;0,811999977;17,15189;28,57155;73709110;18,94802959;1343389391;4281339378;2149089760;2130173711;1649217794;2630653393;2488945174;1541826613;248491687;2015,93827;8,63092E+12;124840944;1,10985E+12;66,16928444;0,497101883;0,433083369;12,04699993;49,17034912;94,65500641;4,530082958;8,63388E+12;0,273228603;0,238269861;4,260592947;60,39788955;4,41688009;17,49061515;2,383105735;8,81851E+12;3,567896388;1,43786E+13;6,42951E+12;27,82465889;414369995,1;4,566286243;4,936006927;62,19342263;31442011,28;34,19516519;19921141,71;1446191,645;3002825,727;6;281977344;17601152;32,97010099;2,325011073;4,113672921;1,195207236;2,642082381;1,748020185;82,14838973;13712;32,02477893;8241372392;4765222565;1,5245E+12;23,09986923;-0,248633236;0,28831532;129855209,7;25,50608653;1,08839E+12;6,30809E+11;7,308717231;1,670198183;5,40797E+11;7,602881079;7,602881079;35,61%;28,34%;2,06%;30,39%;10,82%;69,61%;24,79%;4,61%;15,18%;55,15%;95%;8.036.190.780.000.000;8.109.558.444.000.000;4.304.533.501.000;2.161.887.547.000;2.142.645.985.000;2.645.070.995.000;1.659.306.117.000;7,602881079;5,40797E+11
YR1979;3140;4311;2486;45;6,921860957;1493,375696;10653400;648400600;25626,69971;33612000000;0,878474766;0,264765599;10,17555888;39606129,1;37,57619824;575497766;27,41336404;182,6887535;249,9044181;72,25748907;77,75660706;3,77341512;78,53903198;68,03115845;294226296;5,458266673;0,211196397;0,368573205;3,920804936;0,26752427;0,690167864;2347,330808;0,362579942;20,13672;0,820070028;16,96355;28,60349;74298328,5;17,54020242;1350873051;4356778367;2187311991;2167350392;1695889127;2659389683;2545630451;1553827901;255204029;2300,966747;1,00248E+13;124774688;1,41309E+12;64,5471913;0,686533586;0,452787042;12,20551014;50,1379509;95,21260071;1,778857072;9,99988E+12;0,271880533;0,213196939;4,570367404;58,51049533;4,310247937;20,03900811;6,901763171;1,02413E+13;3,502566798;1,49131E+13;7,4475E+12;28,02179366;511119995,1;4,78503281;4,942352292;62,55547206;32923407,15;34,57890888;20459807,6;1538543,274;3039479,458;6;294332352;17910892;33,5510557;2,384244456;4,188297629;1,092363216;2,829907194;1,76204179;87,11071205;14099;34,27477337;8842567259;6073480977;1,95633E+12;25,36025763;-0,363027526;0,282173612;129855179,7;25,70929914;1,10179E+12;7,32172E+11;7,303605759;1,230764946;6,06436E+11;6,921860957;6,921860957;35,66%;28,37%;2,08%;30,45%;10,86%;69,55%;24,80%;4,68%;15,36%;53,67%;90%;8.228.230.326.000.000;8.193.366.184.000.000;4.380.506.100.000;2.200.418.474.000;2.180.087.662.000;2.674.564.117.000;1.706.021.638.000;6,921860957;6,06436E+11
YR1980;3048;4200;2341;46;8,968251442;1454,894553;10704900;641872888;26825,20036;37666000000;0,893777899;0,260889286;10,20780693;39753927,48;37,71651813;584934803;27,42145294;179,8981178;248,2178554;71,33943639;78,7359314;3,713652391;78,98171997;68,31707001;310828488;6,129388918;0,298455855;0,364827474;4,471911092;0,342152453;0,652042044;2314,048931;0,416530229;20,26904;0,826770008;16,82469;28,34571;75604495;15,78993998;1353568870;4432963653;2225874034;2204933267;1743754296;2687679580;2604262669;1565443352;261101284;2549,38765;1,13013E+13;119971408;1,70633E+12;63,89023649;0,546611381;0,515638027;12,3903904;49,5102005;96,55137634;0,307783833;1,12426E+13;0,283746827;0,216589117;4,783647133;55,17686712;3,752513812;24,02952453;1,72267149;1,15196E+13;3,523350766;1,51755E+13;8,43612E+12;27,45511096;651479980,5;5,402199649;4,569480875;62,84174466;32794095,69;35,84460171;20396427,12;1570804,161;3072596,43;6;296847040;18534788;34,13782092;0,061391987;1,811126567;1,063774037;2,822423249;1,748661042;89,02292696;17273;37,13826617;10161310991;6786328379;2,52574E+12;29,55259971;-0,473852763;0,301743795;129854909,7;25,35292532;1,12634E+12;7,76339E+11;6,869439504;2,227864972;8,16098E+11;8,968251442;8,968251442;35,78%;28,35%;2,11%;30,46%;10,90%;69,54%;24,88%;4,74%;15,55%;53,59%;88%;8.234.232.923.000.000;8.205.911.646.000.000;4.458.003.514.000;2.239.689.027.000;2.218.314.439.000;2.704.210.505.000;1.754.201.029.000;8,968251442;8,16098E+11
YR1981;2758;3657;1977;67;9,650589208;1414,451087;10270100;640619400;28360,5003;42561000000;0,901624028;0,255995704;10,19898557;39773318,9;37,73488709;595193203;27,89178899;176,6548352;245,5527165;70,52230133;79,40554047;3,656614012;79,38329315;68,87568665;336615291,1;4,810273887;0,204431074;0,289461597;3,365688628;0,55225893;0,398433657;2458,030485;0,388702268;20,57577;0,828679979;16,70502;28,16444;78127363,03;14,45280165;1463008229;4511164132;2265417634;2243548765;1793552547;2716050910;2663754578;1577945367;267266455;2591,725841;1,16917E+13;116489968;1,75185E+12;65,32464445;0,480846949;0,638383745;12,65999031;48,66864014;97,44741821;1,929291207;1,16336E+13;0,312258804;0,241556055;4,125065593;55,55772301;3,350065084;24,88563216;1,242471139;1,17626E+13;3,800785323;1,54206E+13;8,68202E+12;26,55954522;780900024,4;4,382100617;3,962197961;63,1825087;31746296,04;36,34546836;19879068,57;1523332,911;3027894,339;6;297929376;18965250;34,74001378;0,161842265;1,928764951;1,055606859;2,855806642;1,764067678;87,8759593;17335;37,41385646;10342294420;7118524944;2,34272E+12;27,55402726;-0,546588766;0,280470222;129854989,7;25,74199874;1,17555E+12;8,08971E+11;6,919190081;4,369230186;8,96015E+11;9,650589208;9,650589208;35,80%;28,32%;2,12%;30,44%;10,90%;69,56%;24,90%;4,85%;15,94%;54,81%;89%;8.509.652.425.000.000;8.460.545.437.000.000;4.536.996.762.000;2.279.673.266.000;2.257.323.330.000;2.733.630.574.000;1.804.215.203.000;9,650589208;8,96015E+11
YR1982;3053;3781;2185;43;8,780283717;1383,895816;10335800;654482108;29046,29979;41921000000;0,908299211;0,253871038;10,30291747;39925312,3;37,8791733;585551387;28,09187402;173,2808914;242,625018;69,71259828;79,76966095;3,627155101;79,86863708;69,38105011;351911500;3,442258385;0,169341736;0,372912212;2,1960235;0,618621648;0,085359289;2555,617541;0,403250754;20,23722;0,841180027;16,57014;27,80012;80334531,74;12,9028826;1496445993;4592387213;2306485076;2283663863;1843335917;2747460924;2725600342;1592068848;272479750;2520,561246;1,15754E+13;115103024;1,62376E+12;68,11034816;0,342826521;0,602360248;12,83417034;47,81612015;97,92504883;0,89229459;1,15336E+13;0,286540041;0,216510384;3,735865151;57,74177641;3,232492096;23,15743154;-3,266667583;1,16689E+13;4,328695065;1,56457E+13;8,79138E+12;25,06439544;706140014,6;4,078468225;3,671467933;63,50892059;33745859,07;37,29288527;19815965,25;1599160,904;3071454,176;6;297702208;19461060;35,36556707;-1,358708737;0,417318327;1,156458956;2,775685055;1,800490486;86,7384661;16968;36,74066208;8267143623;7192452904;2,70243E+12;30,81428;-0,75271024;0,257312607;129854759,7;24,05112032;1,23804E+12;8,08165E+11;6,981751295;5,316032859;8,02889E+11;8,780283717;8,780283717;35,93%;28,45%;2,13%;30,58%;10,99%;69,42%;24,95%;4,92%;16,10%;56,52%;90%;8.823.356.390.000.000;8.744.109.500.000.000;4.617.386.542.000;2.320.329.587.000;2.297.056.915.000;2.764.641.939.000;1.854.134.229.000;8,780283717;8,02889E+11
YR1983;3081;3505;2203;57;14,61295214;1374,39431;10758700;685101596;32407,89991;40356000000;0,907769628;0,25027548;10,34455333;40004627,8;37,95443835;578693906;27,4871068;171,1326658;240,2330545;68,91603139;80,258461;3,5945681;80,20211792;69,92421722;368580318;3,572134604;0,180523992;0,292625411;2,471652689;0,352037281;0,275295231;2465,389716;0,395220621;20,1027;0,841030002;16,56853;27,42866;81035539,38;11,97636658;1426699487;4674330282;2347917129;2324131182;1892420773;2780287213;2788328069;1606575837;277144402;2525,024599;1,18028E+13;114488576;1,57396E+12;71,57184454;0,38723768;0,477936409;13,02066994;47,73408127;98,03858948;3,85623749;1,17481E+13;0,294280867;0,23069217;4,034361519;58,96514331;3,411908313;21,12664335;2,065281001;1,19083E+13;4,180993867;1,6149E+13;9,06107E+12;24,33958683;612570007,3;5,318434574;3,66832391;63,7570354;33241117,37;38,05009059;20034812,12;1615048,292;3062602,597;6;302006240;19873204;35,99661447;0,822268013;2,621263978;1,194786383;2,662827515;1,784324039;91,73588978;18876;35,90399203;8824069779;7468019495;3,34077E+12;36,84594445;-0,589498163;0,242357937;129854719,7;23,22950823;1,28546E+12;8,0845E+11;6,849646252;3,830007893;1,38677E+12;14,61295214;14,61295214;36,00%;28,49%;2,16%;30,65%;11,03%;69,35%;24,97%;4,98%;16,26%;57,31%;90%;8.901.624.029.000.000;8.790.573.848.000.000;4.699.569.304.000;2.361.892.578.000;2.337.676.597.000;2.797.708.407.000;1.903.822.436.000;14,61295214;1,38677E+12
YR1984;3202;3567;2271;61;17,72823024;1405,798339;11404000;732410288;36841,9996;37799000000;0,916174208;0,249968091;10,51805198;40305203,8;38,2401504;590946786;27,22154511;169,0102112;238,003506;68,13998839;81,23519135;3,564195128;80,62181091;70,45529175;385179968;3,372250216;0,128694447;0,230326667;2,437406817;0,275782716;0,30003957;2716,849665;0,365400364;19,94209;0,843389988;16,6426;27,23172;87846404,86;10,86714718;1605516213;4755996689;2389231336;2364436648;1942474557;2811866065;2851150997;1620614375;281902607;2572,302276;1,22339E+13;113575120;1,67557E+12;74,09589244;0,470186534;0,510915377;13,35844994;48,02854919;98,4132309;6,007751146;1,22143E+13;0,275810333;0,222750335;4,265255121;61,16929369;4,066965865;17,81079959;6,843364646;1,23277E+13;4,182576004;1,673E+13;9,28125E+12;25,11373927;591419982,9;3,904914665;3,986762041;64,02157095;31878367,24;38,5390066;20636636,76;1603189,724;3035226,338;6;308495296;20173352;36,62594041;2,880278268;4,677725639;1,135812583;2,644960609;1,747125301;95,50069693;19829;37,17209151;8905514997;7760976071;3,2875E+12;34,72305969;-0,535586883;0,241399382;129853230,7;24,13475305;1,36085E+12;8,2355E+11;6,731727236;5,865366634;1,74676E+12;17,72823024;17,72823024;36,23%;28,70%;2,15%;30,85%;11,18%;69,15%;25,05%;5,03%;16,29%;58,76%;91%;9.353.906.687.000.000;9.209.401.835.000.000;4.784.011.621.000;2.404.645.371.000;2.379.366.139.000;2.831.377.429.000;1.955.106.433.000;17,72823024;1,74676E+12
YR1985;2935;3713;2116;73;23,81976412;1415,901046;11897900;783198104;37061,70017;34362000000;0,936906518;0,248609921;10,61510989;40591354,57;38,51167666;595331876;27,25377864;166,6694955;234,402472;67,40042356;81,62239838;3,535984167;80,98436737;70,93419647;403506348;3,112308343;0,140915568;0,205420006;2,207906447;0,297290429;0,260775893;2726,036788;0,388096265;19,78017;0,847940028;16,78841;27,14291;90734456,1;9,16348209;1622898714;4839176734;2431378185;2405418710;1993865001;2843618667;2914714521;1634832512;287249869;2658,937338;1,28671E+13;110186840;1,7E+12;75,43203197;0,425974923;0,36333709;13,41693974;46,8848114;98,79846954;4,994922419;1,28244E+13;0,315500922;0,254934307;3,958345818;61,08887547;3,641949402;16,5179444;3,786812339;1,29321E+13;4,234581161;1,73384E+13;9,79198E+12;24,62538649;628299987,8;3,591951746;3,678324855;64,2791077;31931144,34;40,13682286;21429383,16;1606894,309;3026622,056;6;305107744;20346938;37,2665388;1,930007528;3,712713271;1,129235933;2,645617355;1,74895086;91,41950269;20555;36,70509041;9694745388;8087870781;4,68498E+12;46,96533815;-0,52357608;0,245079328;129853130,7;23,89893208;1,39738E+12;8,51888E+11;6,620681784;2,683798086;2,47137E+12;23,81976412;23,81976412;36,47%;28,80%;2,18%;30,99%;11,30%;69,01%;25,17%;5,07%;16,36%;61,70%;93%;9.551.489.989.000.000;9.366.146.794.000.000;4.870.921.740.000;2.448.724.603.000;2.422.197.063.000;2.865.842.733.000;2.007.939.063.000;23,81976412;2,47137E+12
YR1986;3178;3750;2109;46;32,51476309;1417,910373;12677000;842594296;40331,80009;36374000000;0,963447481;0,245115901;10,65685063;40601740,92;38,52149432;594791616;27,33207123;163,7314836;229,8108544;67,08257029;81,76159668;3,499524247;81,31179047;71,37555695;420358576;1,523237872;0,099239224;0,228313254;0,9274803;0,159743085;0,108462011;2718,433773;0,394019984;19,78676;0,841910005;16,7685;26,93052;97605975,02;9,256832585;1616900332;4924747934;2474819348;2447494834;2047040177;2875976196;2972772337;1655397047;294144793;3089,335292;1,52142E+13;105939856;1,84533E+12;83,71513542;0,670794966;0,568008468;13,3122797;49,69588852;100,1743317;3,591298988;1,51303E+13;0,312159897;0,250704149;3,674686356;66,56606166;3,630130322;10,63131622;5,078369542;1,53106E+13;3,916827171;1,79745E+13;1,1616E+13;24,50429062;752960022;3,363509167;3,780332404;64,57949518;32849036,78;40,10400825;21729229,48;1624808,885;3043764,037;6;326216928;20790332;37,92549409;1,648042822;3,445485957;1,137899725;2,666939636;1,768300781;93,33587146;22094;34,2788041;11904440896;10389497997;6,45561E+12;53,4748388;-0,41464588;0,243847944;129853230,7;23,64993714;1,42975E+12;9,12931E+11;6,000518623;2,317017778;4,09112E+12;32,51476309;32,51476309;36,51%;28,88%;2,24%;31,11%;11,36%;68,89%;25,15%;5,14%;16,53%;60,31%;90%;9.686.402.047.000.000;9.549.369.933.000.000;4.960.567.912.000;2.494.279.319.000;2.466.288.679.000;2.901.028.834.000;2.062.604.394.000;32,51476309;4,09112E+12
YR1987;3176;3717;2016;57;46,94921831;1444,241671;13244800;904838104;45392,70014;36890000000;0,993793008;0,240595744;10,65288355;40760853,6;38,67248782;578047181;27,27549015;161,5748968;227,2538056;66,72386658;81,57611084;3,455160571;81,91021729;71,96198273;441038287;1,80633463;0,114232761;0,224432251;1,246404757;0,068136206;0,153128654;2700,126523;0,397584052;19,76547;0,845269978;16,69962;26,83477;99566884,74;8,846369209;1560806624;5012556248;2519462522;2490602390;2101834427;2908949547;3032843878;1675813513;301407523;3454,705385;1,73169E+13;104804848;2,17442E+12;88,56116345;0,915900933;0,84782588;13,42113018;50,51536942;99,38594818;2,741104028;1,72582E+13;0,295385756;0,235783043;3,676687697;70,59942746;4,106313795;10,23531706;6,586074909;1,74112E+13;3,789095876;1,85842E+13;1,31727E+13;24,73315465;769000000;3,632991494;4,141629715;64,83055625;34762053,68;40,62799977;22365639,63;1707141,46;3073432,281;6;333991936;20787468;38,60173286;1,923775013;3,741077129;1,146509872;2,676754986;1,783001185;97,62494785;23783;35,60297914;15697460651;13475145516;7,75967E+12;55,51989012;-0,256575443;0,23581083;129853140,7;23,93144905;1,46356E+12;9,51381E+11;5,493943287;2,364423539;6,83858E+12;46,94921831;46,94921831;36,63%;28,77%;2,30%;31,07%;11,38%;68,93%;25,25%;5,19%;16,70%;62,42%;91%;9.820.740.762.000.000;9.645.640.218.000.000;5.052.522.147.000;2.541.075.232.000;2.511.446.765.000;2.936.753.581.000;2.118.882.551.000;46,94921831;6,83858E+12
YR1988;2702;3432;1695;78;38,26455611;1469,541766;13880900;953896012;50418,59999;33435000000;1,015750786;0,235770399;10,63030004;40897037;38,8016976;579687911;26,79049499;160,1307084;226,3769916;66,34466911;81,52226257;3,398938314;82,51753235;73,66123199;464605261;1,697623334;0,248180052;0,206500229;0,997631308;0,09305087;0,152260875;2632,7948;0,388531187;19,8256;0,862290025;16,55048;26,6785;104597701,2;9,105727101;1526191864;5101287675;2564602283;2534133572;2157626294;2941846007;3093809508;1695923490;309002855;3791,034878;1,93392E+13;101903072;2,49902E+12;92,25467891;1,040884187;0,900241534;13,2858696;50,88880157;99,9618988;2,538917396;1,93939E+13;0,33217589;0,272858632;3,934908298;70,47895352;3,030887687;11,30506353;7,741470225;1,95212E+13;3,534402292;1,93641E+13;1,45794E+13;25,70314051;890340026,9;4,967046713;2,681823899;65,03449926;34184147,35;40,51478247;23289432,35;1668898,675;3044655,328;6;338331648;21172104;39,28505726;2,840101238;4,6605594;1,130870765;2,654436824;1,770183168;103,2349693;23634;37,4444432;18769348779;16656926813;9,44225E+12;59,97804555;-0,290898356;0,224607818;129853130,7;24,61222801;1,5374E+12;1,01893E+12;5,268750656;5,045143813;6,28343E+12;38,26455611;38,26455611;36,76%;28,61%;2,34%;30,95%;11,38%;69,05%;25,39%;5,23%;16,90%;62,08%;89%;9.926.134.916.000.000;9.729.700.849.000.000;5.145.426.008.000;2.588.387.929.000;2.557.038.065.000;2.972.430.419.000;2.176.126.537.000;38,26455611;6,28343E+12
YR1989;2408;3080;1490;46;44,80756749;1475,933158;14021100;983208800;54428,20029;32894000000;1,027828895;0,231798483;10,63975566;40995148,4;38,89514765;595274958;26,27383124;158,8076806;226,2011217;65,94247836;81,0851593;3,324349664;82,83589172;74,09586334;489418424,5;2,169580904;0,203081062;0,215125776;1,464065138;0,12722678;0,160082147;2781,659682;0,392573504;19,81587;0,872659981;16,37279;26,25206;106089534;9,406199616;1655849580;5189977062;2609700361;2577668355;2213536856;2974584483;3155231923;1715226180;316910626;3879,710051;2,01356E+13;99220072;2,70588E+12;93,3588571;1,262232349;1,038372178;13,41238976;50,93024063;100,1368484;4,181302506;2,01371E+13;0,30175668;0,224700036;3,83528913;71,10390113;3,024319191;10,83128246;8,630476225;2,03216E+13;3,444805691;1,99962E+13;1,50845E+13;26,13101781;957450012,2;4,832377522;2,660457551;65,24696878;34792835,4;39,98706033;23699896,02;1708667,828;3102061,697;6;339565664;21786086;39,96835966;1,967791829;3,740571865;1,112854851;2,591299622;1,738568625;103,5949439;23671;37,93971763;20972399646;18667594659;1,15366E+13;69,31141657;-0,39572492;0,223011603;129852140,7;25,08549802;1,57844E+12;1,03463E+12;5,138294732;2,669507096;7,70029E+12;44,80756749;44,80756749;36,85%;28,53%;2,36%;30,88%;11,38%;69,12%;25,47%;5,28%;17,11%;62,37%;88%;10.239.116.877.000.000;10.080.747.325.000.000;5.237.441.558.000;2.635.233.492.000;2.602.207.942.000;3.007.594.615.000;2.233.140.502.000;44,80756749;7,70029E+12
YR1990;2391;2932;1443;48;32,0760755;1663,807337;14583900;1024976616;56124,90035;28969000000;1,050524509;0,227763434;10,643489;40923990,6;38,82763495;594003802;25,8787361;156,083555;224,5607697;65,51302132;81,34335327;3,248547126;83,15769196;74,31614685;517584409;2,555976567;0,143158179;0,214868198;1,846433135;0,162928272;0,188588783;2890,294997;0,399936236;19,42176;0,890169978;16,18552;26,21584;102874756,5;10,20776086;1716847663;5280062644;2655474571;2621927799;2271130944;3007038178;3218211428;1734022311;325168639;4299,047173;2,26992E+13;100630320;3,10832E+12;88,07636768;1,300491389;1,094610895;13,62077999;51,30467987;99,78283691;2,801852383;2,25816E+13;0,299945924;0,214547515;4,144509024;69,50785154;3,241129845;12,04990086;6,032959166;2,29256E+13;3,310432977;2,06474E+13;1,70891E+13;25,81448276;912700012,2;4,613787306;2,585292537;65,43291923;29848570;43,85662452;20607832,06;1823710;3152440;6;343208640;22003504;40,66211474;1,12096021;2,876178094;1,091032888;2,601903277;1,735760697;101,9527163;23732;37,90793869;26740752136;23691921772;9,51911E+12;50,7540269;-0,303041977;0,252384972;129852140,7;24,71518137;1,64429E+12;1,13149E+12;4,984683214;4,171786945;6,21491E+12;32,0760755;32,0760755;36,79%;28,56%;2,41%;30,97%;11,40%;69,03%;25,40%;5,37%;17,34%;63,18%;88%;10.557.778.617.000.000;10.333.877.762.000.000;5.327.231.061.000;2.680.895.262.000;2.646.335.779.000;3.040.715.364.000;2.290.228.096.000;32,0760755;6,21491E+12
YR1991;2177;2706;1310;50;24,375961;1649,653827;14360900;1133228204;56142,30008;27955000000;1,059724388;0,224371839;10,66846856;40851856,97;38,75849404;588577921;25,21397955;154,9134628;224,1468092;65,36016712;81,58486176;3,157407402;83,36087799;74,87671661;543078177;1,527051637;0,107142415;0,191991076;0,943559538;0,137041368;0,147317241;2890,451697;0,334940799;19,21229;0,900279999;16,21533;26,15986;103226563,9;10,04163293;1701262880;5368139818;2700155683;2665276245;2328780104;3037429273;3274403315;1756500024;334528596;4411,264178;2,36803E+13;101054232;3,20692E+12;89,94657483;0,967559665;0,7673546;13,8029604;52,41530991;99,10159302;3,322107546;2,35731E+13;0,343785169;0,260865512;3,82492674;70,82510788;2,827214025;11,03400727;0,591082139;2,38031E+13;3,00877959;2,09691E+13;1,79087E+13;25,01267995;934109985,4;5,454975312;2,799721608;65,61804588;30009210;43,26713565;20799343,28;1814950;3153420;6;351203872;22284880;41,33979486;-0,218084632;1,446385984;1,010665419;2,538345935;1,668108504;101,7061752;24666;37,83285881;28075839906;25175376343;1,13408E+13;56,77999901;0,036220134;0,255866236;129854050,7;24,37287519;1,65889E+12;1,0636E+12;4,491492958;0,888320248;5,06261E+12;24,375961;24,375961;36,73%;28,66%;2,43%;31,10%;11,42%;68,90%;25,31%;5,44%;17,48%;62,46%;85%;10.653.798.293.000.000;10.294.192.487.000.000;5.414.289.444.000;2.725.113.179.000;2.689.176.204.000;3.071.296.467.000;2.347.462.336.000;24,375961;5,06261E+12
YR1992;1922;2452;1214;52;22,53540416;1621,337067;14918800;1145436692;61025,19974;24245000000;0,928253718;0,249612768;10,6037092;46863429,06;36,89045411;696198387;24,5817394;153,8534273;224,4217563;65,01688067;81,19856262;3,071547794;83,67269897;75,32282257;570936588;1,528920109;0,121833558;0,213656803;0,950268703;0,102465776;0,140695268;2805,829817;0,342987416;19,53277;0,919290006;16,36444;26,12866;107627075,6;9,723763115;1953419126;5452576967;2742825761;2707001345;2384187715;3066425436;3332572478;1773094523;344160101;4655,204708;2,53829E+13;104366256;3,49052E+12;88,3521188;0,926245527;0,741638543;14,04697037;53,75912857;98,46090698;0,770868827;2,52701E+13;0,367756497;0,283831463;3,536431625;72,97874398;3,004613702;9,409939253;2,932693299;2,54325E+13;2,94293701;2,15662E+13;1,92748E+13;24,39059141;794760009,8;4,428369948;2,596358509;65,76965936;29879100;40,65703595;20741660,86;1809580;3138050;6;360817440;22547234;41,99002202;0,47577111;2,056185917;0,954628417;2,37925474;1,572931255;92,86159602;24947;40,74054317;32582175817;27062098454;1,08193E+13;50,1852724;0,382622499;0,235400317;129854110,7;24,06380183;1,71127E+12;1,02934E+12;4,055241314;3,157411066;5,04258E+12;22,53540416;22,53540416;37,16%;28,33%;2,44%;30,77%;11,43%;69,23%;25,72%;5,46%;17,74%;64,17%;86%;11.767.679.793.000.000;10.550.329.408.000.000;5.498.919.809.000;2.768.050.729.000;2.730.869.164.000;3.100.063.852.000;2.404.337.297.000;22,53540416;5,04258E+12
YR1993;1889;2373;1065;66;30,27996035;1613,038722;15986200;1142265216;67522,60019;25853000000;0,948169165;0,245146453;10,60139898;46743860,24;36,76112466;686613438;24,18172312;154,0389579;225,780429;64,53987191;81,93393707;2,987612744;83,9159317;75,75018311;602706571;1,502781423;0,087645305;0,214843163;0,962102178;0,055121964;0,183068812;2761,765763;0,339675504;19,99917;0,93175;16,50831;26,13342;112216974,9;9,108012945;1896266524;5537885402;2786023122;2749072791;2441669150;3094221058;3394342318;1786859879;353893707;4662,452852;2,58201E+13;105458496;3,49592E+12;91,9381132;0,979832911;0,905892095;14,41909981;55,1882782;98,36852264;1,317469417;2,57059E+13;0,351379665;0,250670649;3,344793902;73,99825543;2,764522021;8,966395637;1,713447609;2,58158E+13;2,762978976;2,20112E+13;1,96969E+13;23,82774293;683160034,2;3,958016658;2,359797492;65,88402599;29970470;40,38120756;20874105,03;1794160;3123140;6;372503904;22937032;42,68139484;0,240086358;1,808395241;0,906450282;2,410944182;1,564552605;89,17786691;28300;40,23505498;34083073464;26901746629;1,38974E+13;61,69677593;0,399335161;0,212573637;129749400,7;23,71484174;1,72157E+12;9,89552E+11;3,832480963;0,60160493;7,25579E+12;30,27996035;30,27996035;37,04%;28,38%;2,50%;30,88%;11,44%;69,12%;25,60%;5,52%;17,89%;65,11%;86%;11.982.992.717.000.000;10.625.239.741.000.000;5.581.597.546.000;2.809.940.820.000;2.771.656.778.000;3.126.871.309.000;2.461.223.528.000;30,27996035;7,25579E+12
YR1994;2041;2174;1118;72;33,4437398;1599,006331;17218900;1233233404;77183,30033;22833000000;0,970971529;0,240708638;10,56830704;46937513,28;36,91682999;683022129;23,80384275;153,670207;226,0105005;64,01276422;82,43746185;2,921842129;84,186203;76,17237091;642258725;1,324397937;0,09921985;0,199781325;0,836341244;0,045353377;0,143702142;2844,38663;0,344275836;20,035;0,935970008;16,66528;26,20764;121159878,2;8,842378035;1942777627;5622085293;2828618395;2790638602;2499098200;3120961611;3456641398;1799326378;363289219;4957,993826;2,78743E+13;106967712;4,00247E+12;91,32976394;1,132508901;1,002748873;14,94983959;56,1498909;98,26873016;3,364578392;2,77904E+13;0,420430393;0,317024953;3,370792549;74,71848678;3,030325324;7,848928555;8,686348192;2,78908E+13;2,579815441;2,27025E+13;2,11263E+13;24,40567552;556260009,8;2,899331805;2,543707517;66,08743361;30152090;40,57036771;20983787,41;1814290;3146930;6;382692608;23295870;43,33425925;1,749934469;3,29697504;0,864209522;2,352040611;1,520433972;92,2304167;30290;41,07304574;41294903851;30901646730;1,46399E+13;60,67300508;0,408694272;0,211848637;129737657,7;24,20864513;1,7476E+12;1,08239E+12;3,883120027;1,511961729;8,70418E+12;33,4437398;33,4437398;37,20%;28,17%;2,55%;30,72%;11,43%;69,28%;25,77%;5,56%;18,10%;66,13%;86%;12.305.974.430.000.000;10.866.453.812.000.000;5.663.150.427.000;2.851.196.996.000;2.811.953.432.000;3.152.065.592.000;2.518.254.111.000;33,4437398;8,70418E+12
YR1995;2183;2391;1110;71;33,96296359;1616,153204;18008200;1302891640;83098,2004;22975000000;0,98020283;0,236808302;10,55365691;46923262;36,9064572;675648710;23,36789557;152,7159177;224,7480509;63,46293667;81,84403992;2,862563637;84,45596313;76,58119202;688176383;1,371352396;0,10139372;0,223387403;0,842074382;0,096784767;0,107712125;2796,205269;0,317121569;20,14156;0,948819995;16,93109;26,29711;124928828,2;8,489619772;1889253508;5706753581;2871511429;2832373839;2558104123;3146593138;3519785689;1811874809;372224770;5439,759231;3,10434E+13;110880952;4,77722E+12;92,64152292;1,293782243;1,17468572;15,53931999;57,1347084;98,34087372;2,939431128;3,08921E+13;0,432731541;0,318350496;3,702264013;74,72031863;3,145926685;7,454514781;9,329994332;3,09321E+13;2,38606291;2,33455E+13;2,33636E+13;24,51470773;507160003,7;3,331844175;2,625214871;66,27387611;30839910;40,28951401;21582843,03;1854550;3164170;6;394094752;23712400;43,98784722;1,559927897;3,089414694;0,821270179;2,361088612;1,50599437;97,75213207;33379;43,16596971;46884443555;37892839600;1,72637E+13;63,75019374;0,410531636;0,186482705;129734777,7;24,73874671;1,77863E+12;1,19097E+12;3,836480584;1,775896771;9,91279E+12;33,96296359;33,96296359;37,20%;28,16%;2,57%;30,73%;11,43%;69,27%;25,77%;5,63%;18,33%;67,67%;87%;12.652.192.736.000.000;11.102.767.792.000.000;5.744.212.979.000;2.892.141.549.000;2.852.071.381.000;3.175.969.181.000;2.575.505.235.000;33,96296359;9,91279E+12
YR1996;2342;2646;1212;71;40,97346815;1633,306698;18953600;1390963704;89164,59998;23820000000;0,990649264;0,233179107;10,54247797;46991721,52;36,96043073;689580558;23,07918143;151,0213462;221,7481109;62,81400745;80,87516022;2,816996486;84,72074127;76,99568939;738045955;1,647023413;0,08733435;0,213365702;1,084864038;0,08959961;0,171859714;2974,495799;0,319994725;20,26025;0,951349974;17,09329;26,31457;128950267,4;8,095211593;2051155348;5789655178;2913309780;2873437881;2616150997;3171418327;3585670359;1818373124;382704184;5481,553357;3,17363E+13;114308200;4,99787E+12;89,94225739;1,385857745;1,317591046;16,11397934;58,17058945;97,58106232;2,37629905;3,15819E+13;0,466654659;0,364485855;3,337547697;73,85719735;2,787275138;8,620413056;6,993333752;3,16111E+13;2,316214594;2,42185E+13;2,39254E+13;24,38430238;558270019,5;3,229177922;2,36236263;66,55801313;31379670;40,45876288;22039447,41;1880550;3156360;6;406607744;24005092;44,6270072;2,130194872;3,613832834;0,788954527;2,269136486;1,452692776;100,9457031;35617;43,3028583;57245794766;51031422369;1,98067E+13;71,9186011;0,352102313;0,173280358;129734336,7;24,61187925;1,87103E+12;1,25738E+12;3,961953918;5,195025775;1,22285E+13;40,97346815;40,97346815;37,26%;28,09%;2,60%;30,69%;11,44%;69,31%;25,82%;5,71%;18,61%;69,95%;89%;13.081.137.739.000.000;11.534.760.314.000.000;5.824.891.951.000;2.932.815.962.000;2.892.075.969.000;3.198.623.437.000;2.632.941.583.000;40,97346815;1,22285E+13
YR1997;2260;2864;1316;110;58,64451138;1626,405525;19546600;1455104192;102876,1012;28879000000;1,002583893;0,23049446;10,56361465;47190992,14;37,09693154;689222722;22,75007509;149,5739258;219,0040114;62,2511588;80,4715271;2,777270188;85,5377121;79,02835083;792107663;1,464344824;0,0793536;0,196566635;0,935385762;0,083812683;0,169226143;3022,937311;0,366330256;20,0211;0,964290023;17,34921;26,47088;128760311,5;8,038177535;2083479578;5872284397;2954901678;2914438009;2674851444;3195320043;3649230248;1827836360;392273082;5384,58695;3,16198E+13;115151040;5,40112E+12;90,41555807;1,648085028;1,67658512;16,87928009;58,98752975;97,051651;4,02261706;3,15137E+13;0,473851189;0,355594708;3,424607159;73,99721357;2,708536794;8,841775968;9,841882217;3,14385E+13;2,321067389;2,50272E+13;2,38243E+13;24,25720697;671940002,4;3,294364256;2,243024622;66,84296685;31691800;39,50516513;22394054,68;1855380;3112010;6;418819360;24211228;45,2397389;2,407584989;3,869132958;0,753660146;2,243771367;1,427187224;103,2270112;36946;45,20050825;59208846778;54100417617;2,20298E+13;80,40472689;0,480660164;0,151121816;129803675,7;24,65404661;1,89666E+12;1,21689E+12;3,848496082;1,369506294;1,73902E+13;58,64451138;58,64451138;37,40%;28,05%;2,62%;30,67%;11,47%;69,33%;25,93%;5,75%;18,74%;70,60%;88%;13.385.363.276.000.000;11.769.498.547.000.000;5.905.045.788.000;2.973.160.990.000;2.931.884.657.000;3.219.752.754.000;2.690.813.541.000;58,64451138;1,73902E+13
YR1998;2365;2923;1308;109;72,76027955;1611,335079;19653200;1466961780;101788,2743;27793000000;1,014728159;0,22719333;10,55915778;47322844,46;37,20818751;669215311;22,33730438;148,388641;216,4641195;61,68762978;80,72783661;2,746359225;86,26222992;80,20594788;838347056;0,931859524;0,078178748;0,175774494;0,488619565;0,078962765;0,110323952;3097,966806;0,363489;20,31433;0,974179983;17,52516;26,61422;123338426,1;8,208832354;2073216799;5954004340;2996096363;2955072851;2734083101;3217927851;3712472979;1837345937;401350295;5297,23454;3,15398E+13;110757032;5,28247E+12;92,83104909;2,480087522;2,494185735;17,33342934;59,21873856;97,71350861;2,090067743;3,1493E+13;0,501740104;0,367100018;3,362165464;76,17781213;2,438337508;6,847900596;5,140366017;3,13975E+13;2,270463662;2,58132E+13;2,39045E+13;23,94360678;608760009,8;3,240344594;1,981574766;67,08624022;31860170;38,21337805;22509779,84;1889800;3134140;6;429869632;24475480;45,87849631;1,382296749;2,793154083;0,707528751;2,214390527;1,391621003;103,6064885;37928;45,60319158;63498481590;57756077866;2,45552E+13;89,26679318;0,382343512;0,159879642;129777669,7;24,20827101;1,939E+12;1,17394E+12;3,722102516;2,232260526;2,16532E+13;72,76027955;72,76027955;37,51%;27,95%;2,64%;30,59%;11,47%;69,41%;26,03%;5,79%;18,93%;70,80%;87%;13.631.969.328.000.000;11.963.211.425.000.000;5.984.793.942.000;3.013.295.709.000;2.971.498.366.000;3.239.632.505.000;2.749.213.598.000;72,76027955;2,16532E+13
YR1999;2418;2835;1278;77;102,9862265;1623,839599;20736600;1562256300;108629,6182;25137000000;1,03744347;0,224440618;10,57151409;47356360,33;37,23255439;661359418;21,91208415;147,9328595;215,4524829;61,01067588;80,95848083;2,716833207;86,57231903;80,549263;904516372;1,215319109;0,070308759;0,146428669;0,810348362;0,056722963;0,131510356;3134,363108;0,364201423;19,30702;0,988439977;17,54265;26,55149;132416866,1;7,788146591;2072935659;6034484369;3036775418;2995066666;2793610635;3239083612;3778418158;1842896729;410527197;5424,531822;3,27343E+13;104193152;5,53954E+12;98,99839393;3,67391056;3,656671962;18,39150047;59,29856873;97,94384003;3,111000429;3,26908E+13;0,510656902;0,35048589;3,175460337;75,82072772;2,29219914;7,598789484;5,301894835;3,26462E+13;2,217397059;2,68308E+13;2,48762E+13;23,9241473;513380004,9;3,115772703;1,873963085;67,29361487;32018180;37,95918567;22615862,92;1915380;3165900;6;438300896;24625086;46,49620421;2,12405785;3,504464492;0,657434286;2,177239382;1,35169584;105,2887628;38414;46,04554428;70749160472;67081633133;3,31812E+13;114,7440148;0,243970267;0,158317064;129784451,7;24,00562845;2,01075E+12;1,14986E+12;3,51272067;3,700618361;3,06989E+13;102,9862265;102,9862265;37,53%;27,96%;2,70%;30,66%;11,50%;69,34%;26,02%;5,84%;19,07%;73,30%;89%;14.063.032.388.000.000;12.334.621.318.000.000;6.064.239.055.000;3.053.349.419.000;3.010.889.613.000;3.258.635.736.000;2.808.231.655.000;102,9862265;3,06989E+13
YR2000;2450;3096;1407;91;144,5036263;1637,205968;22008658;1674064712;118257,211;19248000000;1,052674749;0,220826089;10,54076375;47371524,5;37,25006176;664116833;21,67729464;147,1974982;213,9059889;60,1915354;81,95020294;2,69616578;86,57405853;80,6754303;975057850;2,115073843;0,073666794;0,142780816;1,503984224;0,072598156;0,322043853;3090,167941;0,372455166;18,36543;0,994710028;17,74911;26,30914;136488432,5;7,30292011;2052236042;6114324044;3077193558;3034538680;2853928243;3258666866;3848417716;1843188798;420125727;5530,613892;3,3816E+13;98649512;6,33188E+12;99,22790861;4,05353406;4,612148112;19,07761955;59,92873001;98,77677155;3,587449994;3,38554E+13;0,538033567;0,369427347;3,34715917;72,69860399;2,256678945;10,53832523;12,52237136;3,37308E+13;2,205801016;2,79847E+13;2,55789E+13;24,2949175;395500000;3,038199091;1,809678166;67,54902;32781530;37,90137342;23311805,66;1908130;3170820;6;452366400;24993658;47,11829892;3,136720399;4,50127812;0,60459242;2,159127233;1,323057118;101,7702464;39892;50,69241067;80965647798;75230865333;3,09254E+13;100,7740613;0,078617421;0,14380155;129765381,7;24,35863128;2,07315E+12;1,14426E+12;3,38379829;3,103209454;4,64163E+13;144,5036263;144,5036263;37,52%;27,86%;2,74%;30,59%;11,48%;69,41%;26,04%;5,92%;19,35%;74,54%;90%;14.301.496.512.000.000;12.556.527.157.000.000;6.143.493.823.000;3.093.433.858.000;3.050.059.948.000;3.276.699.476.000;2.868.307.513.000;144,5036263;4,64163E+13
YR2001;2206;2850;1211;101;103,5928534;1636,490234;22264220;1655230214;110860,835;18434000000;1,071198498;0,217613195;10,52164633;47388728,35;37,26391853;662178609;21,32920784;146,3864522;211,9446156;59,58537585;82,76011658;2,666349493;86,87619019;80,99337006;1034495800;1,873318001;0,062337722;0,13622498;1,124002035;0,149176236;0,401577028;3159,760094;0,405796102;18,51863;1,001199961;18,1802;26,0185;136282794,2;7,050491353;2092333018;6193663732;3117475579;3073582436;2918724283;3273208448;3913807844;1846466397;430783779;5426,386204;3,36092E+13;94902440;6,11015E+12;95,49297273;2,415317217;2,661957345;20,31007957;60,31555176;99,53414917;2,117950122;3,36672E+13;0,574168243;0,401521244;3,261311562;73,49889926;2,164802177;10,06641407;0,83736784;3,35548E+13;2,241664097;2,87808E+13;2,57451E+13;23,43481219;286339996,3;2,978099687;1,682412635;67,82172627;33235280;37,44535118;23707262,47;1923460;3169360;6;464081632;25199522;47,73011807;0,693508393;2,000110968;0,446243283;2,270415879;1,297603585;103,980871;40157;49,61344749;80173328726;75343113933;2,67922E+13;88,14345765;-0,048266735;0,151025679;129764265,9;23,39854094;2,11168E+12;1,13269E+12;3,37016874;1,858467481;3,36409E+13;103,5928534;103,5928534;37,54%;27,80%;2,78%;30,58%;11,48%;69,42%;26,06%;6,01%;19,65%;75,28%;89%;14.439.368.959.000.000;12.705.942.741.000.000;6.222.626.606.000;3.133.601.761.000;3.089.024.770.000;3.290.333.648.000;2.933.078.510.000;103,5928534;3,36409E+13
YR2002;2280;3151;1824;103;81,9428188;1649,280759;20817389;1627404873;117506,673;17782000000;1,081796566;0,214363147;10,49629534;47294657,11;37,19058706;652227436;21,07114518;145,5534251;210,0531084;58,82351925;83,4285202;2,64355328;87,38614655;81,39530945;1083357524;1,673462589;0,062811763;0,144873258;1,109016373;0,089250437;0,267510757;3133,145863;0,451202982;17,97357;1,023869991;18,17396;25,82453;139688317,3;6,730962426;2043524367;6272724236;3157733773;3112370473;2987260356;3283730657;3984083463;1844262273;441758519;5561,278824;3,48844E+13;91326744;6,41194E+12;96,19640746;1,874944754;2,153173962;21,67291069;61,19762039;99,85160828;3,823067796;3,48667E+13;0,594666898;0,405917404;3,029412951;74,08881338;2,075950357;9,61442939;3,121627388;3,47435E+13;2,345490164;2,95417E+13;2,68519E+13;22,81831863;277570007,3;2,790555262;1,686702797;68,07034772;33702380;38,61968135;24054448,08;1960710;3190660;6;477806528;25166934;48,34019679;1,047436819;2,337281026;0,321464678;2,34815167;1,276473949;108,2236475;38894;49,42288455;88474283726;85017462507;2,28028E+13;72,44080923;0,197190038;0,174145121;129762074,9;23,02593643;2,1497E+12;1,16152E+12;3,329637007;1,800620337;2,74704E+13;81,9428188;81,9428188;37,47%;27,79%;2,82%;30,60%;11,47%;69,40%;26,00%;6,13%;20,04%;76,79%;90%;14.699.500.554.000.000;12.888.835.790.000.000;6.301.773.188.000;3.173.900.449.000;3.127.872.723.000;3.300.341.416.000;3.001.808.223.000;81,9428188;2,74704E+13
YR2003;2652;3126;1255;90;75,76268397;1688,480279;21282617;1665309283;124203,199;18932000000;1,100761171;0,212300826;10,52574637;47140891,54;37,06970284;658780168;20,85918206;143,5481185;207,8720699;57,98595403;84,15937042;2,6248957;87,88169861;81,92431641;1135703975;1,864386806;0,06128084;0,167011905;1,226784863;0,082881597;0,326427601;3132,2939;0,494411899;17,45197;1,026690006;18,09076;25,25962;139830434,2;6,579393349;2063505222;6351855732;3198108759;3151112363;3056809211;3293311000;4057523021;1838972662;452725440;6160,190409;3,91286E+13;81943144;7,49464E+12;97,02188351;1,817686665;1,861834401;22,82068062;62,17906952;101,3737488;1,650957933;3,90558E+13;0,635721142;0,446929095;3,038334708;73,54453928;1,993428748;10,34546723;5,779102767;3,90216E+13;2,405653073;3,03797E+13;3,00725E+13;23,06032617;301510009,8;2,806455825;1,689168461;68,32621162;34882860;39,80665497;25143943,85;1956820;3189450;6;490891200;25955560;48,95005649;1,874367876;3,159530563;0,291751791;2,328181903;1,261517214;110,6465206;41051;51,17931711;98164535285;95040647607;3,11074E+13;84,66288747;0,183061884;0,179612115;129761969,4;23,14442936;2,20959E+12;1,29768E+12;3,316456693;2,785830107;2,84421E+13;75,76268397;75,76268397;37,35%;28,00%;2,87%;30,88%;11,53%;69,12%;25,82%;6,26%;20,28%;80,07%;93%;14.965.206.840.000.000;13.193.180.101.000.000;6.381.185.114.000;3.214.422.031.000;3.166.763.110.000;3.309.664.990.000;3.071.743.997.000;75,76268397;2,84421E+13
YR2004;2513;3073;1263;72;83,48448492;1739,823237;23752616;1888695284;139032,94;21325000000;1,124634218;0,210305871;10,5463107;46771835,36;36,74264383;669746976;20,70303489;141,116913;205,022161;57,18832855;84,68721771;2,608629514;88,3432312;82,34432983;1203418834;2,519475473;0,10633642;0,133932068;1,613200287;0,304482518;0,361524179;3395,286064;0,503036139;17,22541;1,036499977;18,12423;25,39072;148746929,4;6,170968653;2273990004;6431527221;3238788976;3190089432;3127682788;3302106624;4131006941;1834843763;463027696;6856,204251;4,40959E+13;76167848;9,06637E+12;95,85207689;2,702976464;2,229413142;23,67963982;63,16199875;101,8881989;5,293114425;4,40531E+13;0,637161105;0,446627813;3,59084074;72,58327077;1,92683486;11,29233321;10,26305764;4,39002E+13;2,404274405;3,15295E+13;3,34987E+13;23,78899362;388510009,8;3,213041599;1,641424183;68,65262382;36252860;40,74908025;26319528,22;2016030;3243990;6;501832576;26608512;49,51537304;3,185807505;4,480069729;0,267075414;2,318547613;1,254302559;117,0742212;38724;54,62420268;1,36892E+11;1,36579E+11;3,6541E+13;88,97317811;0,277547736;0,178535953;129889503,5;24,03217584;2,30547E+12;1,4804E+12;3,357223234;4,339332081;3,55226E+13;83,48448492;83,48448492;37,00%;28,32%;2,95%;31,28%;11,57%;68,72%;25,43%;6,37%;20,37%;82,16%;94%;15.602.179.422.000.000;13.772.280.473.000.000;6.461.159.389.000;3.255.262.626.000;3.205.896.765.000;3.318.325.973.000;3.143.044.892.000;83,48448492;3,55226E+13
YR2005;2670;3281;1223;119;99,43057859;1767,06317;24215712;1969590799;141483,603;20898000000;1,147271417;0,207959621;10,55794693;46862188,37;36,81362588;679661225;20,5699017;139,0384329;202,9573027;56,48634986;85,47122955;2,588058048;88,47525787;82,26029968;1243520718;3,214088229;0,197611601;0,131270815;2,24358586;0,252654109;0,388965844;3313,527319;0,536202052;16,96969;1,047260046;17,87212;25,24855;151518162;5,751611886;2252079376;6511724848;3279734977;3229328768;3199824687;3310160129;4202555491;1834109844;472398407;7336,609424;4,7774E+13;70860984;1,03051E+13;95,12048808;2,938884377;3,283108829;24,33852959;64,09204102;102,2021179;3,717353043;4,77282E+13;0,655329218;0,466470388;3,816492853;70,70480335;1,786669329;13,5651743;8,356866552;4,74979E+13;2,39450643;3,27708E+13;3,60516E+13;24,17661131;397860015,9;3,417112516;1,554913651;68,92030363;37346260;41,6120081;27325257,18;2023940;3272710;6;509273536;26899108;50,132807;2,76691374;4,04836095;0,243889914;2,306560604;1,246945309;117,3731997;39096;56,67681665;1,60592E+11;1,75456E+11;4,05124E+13;92,30255764;0,359203621;0,224402116;129889492,3;24,53709365;2,39436E+12;1,54463E+12;3,233201948;3,855546781;4,47155E+13;99,43057859;99,43057859;37,05%;28,32%;3,01%;31,33%;11,61%;68,67%;25,44%;6,41%;20,46%;83,80%;95%;15.861.273.567.000.000;14.011.540.164.000.000;6.541.907.027.000;3.296.485.267.000;3.245.421.689.000;3.326.253.520.000;3.215.905.863.000;99,43057859;4,47155E+13
YR2006;2706;3433;1589;113;117,9890558;1796,644789;24829383;2072413898;148937,604;24560000000;1,169305254;0,204908234;10,53655406;46914799,09;36,82694579;673481951;20,42182535;136,3319894;199,4869334;55,97666092;85,94008636;2,577170957;88,76425934;82,52599335;1261205623;3,620280774;0,351733707;0,140923385;2,449305853;0,267366267;0,41095156;3342,902915;0,571624781;17,47324;1,061300039;17,66707;25,14194;152829754,4;5,067476154;2251391927;6592711655;3321062274;3268965072;3272625329;3318331550;4270110398;1837031013;482885938;7852,523635;5,17694E+13;68962904;1,18711E+13;95,89386612;4,130199896;4,254041926;25,18876076;65,28035736;102,2888565;5,222839142;5,18924E+13;0,665539626;0,483020616;4,586845247;68,87312965;1,714004189;14,4802927;9,137845642;5,13195E+13;2,364325658;3,39217E+13;3,86238E+13;24,75099221;435910003,7;4,110708575;1,506004302;69,26238205;38444310;42,78846131;28223539,05;2053490;3301930;6;515590912;27107698;50,75791138;3,212067017;4,495723183;0,246858783;2,275144707;1,243707449;120,1821681;43104;58,93545661;1,72575E+11;1,84517E+11;5,0075E+13;105,788727;0,589245299;0,203427918;129885400,6;25,39266955;2,46124E+12;1,66419E+12;3,214625477;2,793530389;5,77573E+13;117,9890558;117,9890558;37,03%;28,22%;3,06%;31,29%;11,58%;68,71%;25,44%;6,46%;20,64%;84,87%;95%;16.207.207.333.000.000;14.286.074.822.000.000;6.623.517.833.000;3.338.132.929.000;3.285.384.988.000;3.334.401.687.000;3.289.446.226.000;117,9890558;5,77573E+13
YR2007;2645;3451;1220;76;161,1660474;1824,035298;26016011;2209136496;158205,946;26607000000;1,195332709;0,202146305;10,52387541;46868683,9;36,78765955;686633980;20,34141219;133,8894731;196,5053135;55,53038194;86,90557861;2,567089029;88,66706085;82,8167572;1254127116;3,669900604;0,530199041;0,166899825;2,304619156;0,296764409;0,371418172;3411,533579;0,605175066;17,409;1,065140009;17,34902;25,04689;156495952;4,871037107;2342481223;6674181848;3362615406;3308860269;3345847975;3326564331;4336110612;1842787535;492577526;8738,352182;5,83214E+13;60453448;1,37436E+13;96,22380018;5,428734588;5,329539164;26,04673958;66,93930054;103,0509262;5,051684888;5,81901E+13;0,660904039;0,474382691;4,969461306;69,02531162;1,654371887;14,13661411;7,63791368;5,77689E+13;2,328713644;3,53454E+13;4,32021E+13;25,22426584;439079986,6;4,283990249;1,514818023;69,5916905;39738280;41,9226512;29312213,5;2105280;3335870;6;523755392;27537410;51,38523583;3,164002916;4,438863955;0,248100013;2,237428322;1,235761509;126,4603806;44034;59,33079875;2,0479E+11;2,08379E+11;6,04561E+13;113,7054628;0,678584368;0,183399246;129885204,2;25,92399947;2,49503E+12;1,97458E+12;3,385689221;1,3727999;8,83898E+13;161,1660474;161,1660474;36,97%;28,23%;3,14%;31,37%;11,60%;68,63%;25,37%;6,51%;20,76%;86,05%;95%;16.607.322.719.000.000;14.676.464.294.000.000;6.705.946.610.000;3.380.183.020.000;3.325.763.623.000;3.342.809.033.000;3.363.609.560.000;161,1660474;8,83898E+13
YR2008;2960;3682;1393;73;139,886171;1829,629201;25498093;2208218737;158487,874;24105000000;1,207390731;0,199779777;10,52824567;46783694,02;36,72872186;703264965;20,2316185;131,0503701;193,8234315;55,1485603;88,45838928;2,554934486;89,45072174;83,33973694;1249457978;4,985948079;0,560739054;0,176696678;2,932491071;0,820153446;0,49586783;3579,353353;0,637015834;17,46949;1,069730043;17,07093;24,97171;159493839,5;4,59765354;2517239224;6757000414;3404795146;3349478592;3421460545;3333755606;4400981315;1851138276;502154142;9473,797796;6,40145E+13;59403244;1,59704E+13;99,8088629;4,021521862;3,798940643;27,05835915;68,57100677;103,4260788;-0,062090572;6,36359E+13;0,673340038;0,474754205;4,841700172;65,82191836;1,526497595;17,3405807;3,247737454;6,34227E+13;2,387247867;3,59471E+13;4,74503E+13;25,23592738;495950012,2;4,008999417;1,398615785;69,89947941;40139260;44,47579682;29574920,78;2099790;3352150;6;531901888;27786180;52,0293025;0,750754154;2,000949784;0,216177241;2,259892576;1,240879675;119,9746223;43949;60,98503601;2,25772E+11;2,51393E+11;3,24185E+13;56,03316703;0,592883884;0,196124393;129869133,2;25,87565796;2,57933E+12;2,27976E+12;3,561316633;3,378757503;8,38731E+13;139,886171;139,886171;36,88%;28,31%;3,18%;31,49%;11,61%;68,51%;25,27%;6,56%;20,84%;88,78%;97%;17.238.823.625.000.000;15.260.665.027.000.000;6.789.088.686.000;3.422.546.382.000;3.366.542.290.000;3.350.052.125.000;3.439.719.128.000;139,886171;8,38731E+13
YR2009;3000;4086;1408;85;116,6515113;1796,215452;26122523;2249728546;175509,3437;23806000000;1,225896015;0,197425903;10,53049465;46756685,29;36,70798829;690900518;20,03603343;128,0079468;190,4339676;54,81402264;89,15405273;2,534207585;89,52349854;83,62332916;1254105077;2,782642722;0,315437146;0,169759594;1,620766523;0,35346296;0,323216499;3601,000893;0,645055073;17,70114;1,07099998;16,88514;24,68045;163312149,8;4,183404095;2487936013;6839553692;3446753169;3390053977;3497450435;3340304403;4464266309;1860245966;512294870;8879,287224;6,07304E+13;60533600;1,21958E+13;110,5658563;2,175185368;2,322540614;28,1327095;69,39795685;103,30896;-0,416228625;6,04569E+13;0,68317535;0,491486973;4,17444819;67,96685342;1,483250312;14,23245767;-11,5678621;6,01501E+13;2,618793782;3,59176E+13;4,62359E+13;23,2277031;630779968,3;3,502656849;1,374131025;70,24650807;39846770;42,78047845;29253757,51;2102300;3346350;6;535708896;28158870;52,66562931;-2,498241765;-1,307019438;0,196439025;2,220978117;1,221744457;117,9579986;42669;52,46112756;2,17941E+11;2,47243E+11;4,74713E+13;83,56780561;0,585699682;0,206082484;129867501,5;23,86687577;2,64428E+12;2,2375E+12;3,684320299;2,518032417;6,65691E+13;116,6515113;116,6515113;36,84%;28,37%;3,23%;31,60%;11,64%;68,40%;25,20%;6,63%;20,97%;88,99%;96%;17.411.654.564.000.000;15.368.821.657.000.000;6.872.767.093.000;3.465.089.423.000;3.407.677.565.000;3.356.910.791.000;3.516.830.263.000;116,6515113;6,65691E+13
YR2010;3410;4459;1691;93;111,9357371;1874,657688;29637929,54;2628261258;182025,6271;25718000000;1,249388375;0,195156592;10,53359571;46774506,6;36,72134385;686200354;19,80949947;124,9949162;187,6261269;54,51769464;88,92006683;2,516290288;89,56742096;84,02162933;1229408756;3,71117829;0,61024208;0,177385909;2,121592935;0,554807785;0,247149581;3592,828556;0,640643823;17,68612;1,069919944;16,89097;24,31042;166876013,9;3,812396947;2465408342;6921854591;3488472947;3430616859;3573943037;3346098292;4526289075;1869224171;523576561;9605,558823;6,64883E+13;60239992;1,49211E+13;107,7815834;2,641063918;2,845880507;29,39562035;71,08370972;102,7169495;5,160950458;6,635E+13;0,661590159;0,446318669;4,767989797;67,11906522;1,634746097;15,03406639;11,78887163;6,56302E+13;2,523102369;3,70789E+13;4,96036E+13;24,41034272;601599975,6;4,264267894;1,556658582;70,55658242;41817500;44,33387287;31031799,04;2140800;3367470;6;546431040;28644658;53,29845403;3,252415349;4,494859958;0,173453922;2,187096098;1,203308033;130,1477892;43427;56,95791796;2,37489E+11;2,70171E+11;5,42595E+13;87,09374255;0,826006491;0,193755082;129869706,7;25,39494728;2,72039E+12;2,577E+12;3,875876522;2,878261905;7,00926E+13;111,9212945;111,9357371;36,84%;28,38%;3,29%;31,67%;11,67%;68,33%;25,17%;6,70%;21,14%;89,45%;95%;17.751.162.688.000.000;15.687.280.201.000.000;6.956.823.603.000;3.507.703.635.000;3.449.119.953.000;3.363.301.013.000;3.594.868.146.000;111,9212945;7,00926E+13
YR2011;3902;5137;1735;60;104,7445633;1881,477548;30564978,1;2786953830;183037,2301;29971000000;1,250744834;0,196041003;10,60598359;47959422,12;36,93198458;696342918;19,62798231;122,1862688;184,8239014;54,36301808;88,5017395;2,498604082;89,78325653;84,2837677;1201532646;4,810660838;0,731632082;0,173385586;2,817559735;0,733354675;0,35472876;3711,291884;0,647475192;17,72641;1,068639994;17,02516;24,11758;175816234;4,021047175;2584333349;7003760440;3529883004;3471095394;3648273263;3353658726;4583873923;1880270432;536834044;10516,31422;7,36537E+13;60561624;1,78529E+13;109,190485;2,960405871;3,163921625;31,18902016;72,24687958;103,0975189;2,855750336;7,35758E+13;0,701218063;0,505932777;5,045428969;64,36284899;1,728669448;17,23192436;6,528360114;7,28711E+13;2,412273113;3,82461E+13;5,43819E+13;25,18493273;488970001,2;4,427513274;1,674946787;70,88397189;43022060;45,80278235;32004027,85;2221570;3421190;6;555073216;29143406;53,92891373;2,131218759;3,339730737;0,225947756;2,079782057;1,183293407;135,3720304;44323;60,19122358;2,69681E+11;2,96727E+11;4,75213E+13;68,62513777;0,87002719;0,1895679;129870230,2;26,16546521;2,82283E+12;2,9374E+12;3,988117947;3,765692725;7,28912E+13;104,730077;104,7445633;36,99%;28,45%;3,33%;31,77%;11,75%;68,22%;25,23%;6,73%;21,18%;92,38%;97%;18.303.212.059.000.000;16.234.680.188.000.000;7.041.194.301.000;3.550.332.593.000;3.490.861.575.000;3.371.584.714.000;3.671.423.872.000;104,730077;7,28912E+13
YR2012;4483;5573;2246;95;81,99611639;1891,700426;30771384,59;2894054972;175051,3422;27956000000;1,265109231;0,194821505;10,66887986;47955059,53;36,93019909;708597049;19,51038359;119,118611;181,9110035;54,20926946;89,24446869;2,48889436;90,33693695;84,72968292;1179304023;4,113937905;0,443668759;0,174130321;2,698247183;0,427617263;0,370274379;3621,416435;0,666141305;17,89986;1,085109949;17,13973;24,19696;180532909,3;4,15598584;2566124436;7089254548;3572962647;3513490180;3724773727;3362636703;4643662239;1891374489;551416097;10623,44108;7,53123E+13;58980720;1,80155E+13;111,4031271;2,256054937;2,693247568;32,54988861;73,07261658;103,7797623;3,422067592;7,5458E+13;0,20958112;0,191456925;4,525007;63,87312345;1,592622346;17,91672214;2,245853614;7,44751E+13;2,372872658;3,9175E+13;5,54161E+13;25,37029709;483132904,1;4,027852084;1,570555119;71,17343251;43582450;45,85610207;32444191,55;2231950;3439240;6;562061568;29387108;54,5895443;1,434855974;2,673059736;0,267706935;2,09689512;1,220688639;131,8961506;43772;59,94319644;2,75508E+11;3,04538E+11;5,45032E+13;78,20929399;0,9702833;0,176979082;129864695,5;26,41821174;2,86104E+12;3,02438E+12;4,015787784;1,353536635;5,82713E+13;81,98354443;81,99611639;36,63%;28,89%;3,39%;32,34%;11,85%;67,66%;24,78%;6,87%;21,24%;93,93%;97%;18.608.866.825.000.000;16.439.119.687.000.000;7.125.828.059.000;3.592.963.006.000;3.532.864.951.000;3.380.334.349.000;3.747.842.586.000;81,98354443;5,82713E+13
YR2013;5195;7214;2709;89;87,6331931;1894,112059;31464398,88;3048275073;175829,5578;27128000000;1,273870893;0,192689638;10,68044517;47877732,99;36,87101699;724518874;19,29790229;117,4500702;179,528625;54,08157783;89,30233002;2,472253007;90,67430878;84,93171692;1142234079;3,670109816;0,398671729;0,173836152;2,448880907;0,294750681;0,353970347;3824,244302;0,688758737;18,27033;1,096359968;17,68115;23,55038;188864093,6;3,783812528;2770739457;7175500378;3616329171;3556354839;3802446099;3371199704;4703026698;1902371262;567286049;10792,21004;7,74395E+13;57690856;1,83882E+13;111,899181;2,475646598;2,675644568;33,44694901;74,50615692;104,0229034;2,572074445;7,74437E+13;0,215020722;0,198165979;4,288827752;63,99660751;1,567352379;17,12342871;2,516511135;7,66491E+13;2,304464546;4,02529E+13;5,6956E+13;25,463006;465174530;3,855846545;1,516371086;71,46580223;44233530;44,5692465;33053846,52;2208840;3405660;6;573827264;30517070;55,25421486;1,608712078;2,844854419;0,254651387;2,085291019;1,216571212;134,5540279;44853;59,14942941;2,98419E+11;3,306E+11;6,43678E+13;88,80896533;0,960187104;0,195155888;129863403,1;26,4510419;2,99452E+12;3,21238E+12;4,148244734;4,665461004;6,36992E+13;87,61947504;87,6331931;36,56%;28,99%;3,42%;32,47%;11,87%;67,53%;24,69%;6,95%;21,39%;95,89%;98%;19.181.172.304.000.000;17.065.359.849.000.000;7.210.581.976.000;3.635.575.332.000;3.575.006.709.000;3.388.436.123.000;3.824.990.329.000;87,61947504;6,36992E+13
YR2014;5839;7908;3070;107;100,1851107;1919,991765;32339781,98;3227291386;184831,1095;26983000000;1,27588672;0,190532739;10,6879313;47889155,74;36,8799345;724249847;19,21004091;115,976166;176,7353115;54,00296837;89,05226135;2,464680782;90,99330139;85,36060333;1091281186;3,130759141;0,27459936;0,192198593;2,133271171;0,235917376;0,294772641;3896,887603;0,717381165;17,75289;1,103080034;17,62001;23,29472;193445421,8;3,547838574;2822322838;7261846543;3659746831;3599285700;3881124742;3378873012;4760725173;1913538371;584768985;10955,5689;7,95577E+13;61164004;1,84787E+13;114,348434;2,171116759;2,386769435;35,79352951;75,34207916;102,7680511;3,593067979;7,9776E+13;0,220577742;0,202366501;4,1495586;65,95300041;1,514005558;15,92996519;3,274852434;7,88759E+13;2,251297257;4,14011E+13;5,84196E+13;25,75084239;458978729,2;3,863478026;1,452838984;71,74603208;44438190;44,43513271;33085191,98;2234500;3427420;6;580938688;30809254;55,91929786;1,891751919;3,117863209;0,22761357;2,069158667;1,203346951;137,9942859;45743;58,55132169;3,30878E+11;3,7208E+11;6,71773E+13;90,15942904;0,774805183;0,202279446;129862977,9;26,56947285;3,08111E+12;3,28096E+12;4,124008204;2,89151063;7,49444E+13;100,1509823;100,1851107;36,55%;29,02%;3,43%;32,51%;11,88%;67,49%;24,67%;6,99%;21,51%;98,31%;99%;19.524.936.613.000.000;17.396.558.509.000.000;7.295.290.765.000;3.678.161.837.000;3.617.128.922.000;3.395.621.099.000;3.902.831.934.000;100,1509823;7,49444E+13
YR2015;7099;8916;3729;99;157,2681497;1.901,9347;33362839;3466478485;187769,4163;28585000000;1,28587308;0,188663841;10,70672438;47681467,6;36,71498528;727377783;18,95740831;114,3414215;171,9747395;53,98136606;88,7156601;2,455270398;91,03014374;85,54232025;1045929772;1,71334517;0,175021324;0,184471514;0,956573278;0,158013753;0,2392653;3920,34758;0,754248869;17,70922;1,103539944;17,41341;23,10596;199741128,6;3,279625776;2851573171;7347679005;3702959671;3641926223;3960624201;3385230743;4816015834;1924804010;604066046;10222,60827;7,51124E+13;63193864;1,6103E+13;119,178955;2,851557387;3,557014619;36,87248993;75,44889069;102,4190063;3,440163751;7,52326E+13;0,2151;0,1973;3,884342533;70,15490407;1,556318914;11,31856246;2,474023775;7,44912E+13;2,255158329;4,26179E+13;5,51408E+13;25,79312678;419924499,5;3,712773981;1,465933807;71,95214696;44423270;44,53543342;32943427,78;2241760;3442060;6;583094016;31228198;56,57253065;1,963203908;3,168372976;0,188161289;2,048361346;1,18196469;135,8314412;43983;56,17069831;3,30466E+11;3,96056E+11;6,22682E+13;94,39460365;0,74252355;0,194982933;129880684,5;26,58896667;3,16042E+12;3,16042E+12;4,207590149;2,574237485;1,01168E+14;157,2429957;157,2681497;36,35%;29,18%;3,48%;32,71%;11,89%;67,29%;24,46%;7,08%;21,64%;99,84%;100%;19.773.007.944.000.000;17.634.061.573.000.000;7.379.797.139.000;3.720.696.374.000;3.659.100.593.000;3.401.511.157.000;3.981.497.663.000;157,2429957;1,01168E+14
YR2016;9131;10205;4075;88;123,2423489;1.905,3462;34687965;3705101897;194898,2751;31371000000;1,293708711;0,187009904;10,76475407;47691466,94;36,70122139;733367261;18,94158134;112,8137755;170,1372539;54,07327476;88,90484619;2,44464622;91,44743347;85,98551178;1007951962;1,500531454;0,196638103;0,193964978;0,801971538;0,162666362;0,145290473;4009,231276;0,729081965;17,82649;1,110780001;17,09064;23,44392;194.016.881,3380;3,5371;2940242868;7433569330;3746263485;3684519302;4040915561;3390840151;4867706948;1936769641;626306196;10264,92866;7,63051E+13;62320560;1,55415E+13;123,3007038;2,796785482;3,545065833;37,40451813;75,68499756;103,9726181;2,744653151;7,62823E+13;0,2169;0,1993;3,623598105;71,83918415;1,510772526;9,575073945;2,042860861;7,56143E+13;2,21794914;4,38724E+13;5,62025E+13;25,46507898;376965332;3,528467384;1,47502461;72,18610637;44550150;43,21468887;32940650,08;2263530;3465770;6;586694080;31912294;57,20038365;1,637036983;2,825118027;0,165702383;2,027240049;1,168944982;138,1559634;43806;54,39680173;3,32994E+11;3,73377E+11;6,51177E+13;96,87829375;0,718487456;0,207970521;129956634,1;26,34503193;3,23166E+12;3,16371E+12;4,146136251;2,254157787;7,76654E+13;123,2234065;123,2423489;36,32%;29,22%;3,50%;32,78%;11,91%;67,22%;24,42%;7,13%;21,74%;101,85%;101%;20.017.116.449.000.000;17.924.020.319.000.000;7.464.022.049.000;3.763.157.221.000;3.700.864.713.000;3.406.311.597.000;4.060.652.683.000;123,2234065;7,76654E+13
YR2017;11476;12652;5050;95;115,5663442;1.909,0909;35703836,06;3973790463;212866,6472;31694000000;1,316979204;0,186122317;10,83125176;48088210,03;37,00841264;734598109;18,62065422;111,2316267;168,260944;54,19843493;89,16243744;2,427212258;91,62890625;86,22016144;983849866;1,946952283;0,249431372;0,200314395;1,096143938;0,214985398;0,18607718;4114,052902;0,738958701;17,72055;1,116029978;16,94278;23,38904;195.734.477,2487;3,4549;3022177937;7519183459;3789475509;3726903700;4121601094;3395754793;4917748760;1948600924;650029530;10798,15277;8,11933E+13;62812336;1,71789E+13;121,5926195;2,567973112;2,685055674;37,85279083;75,3975296;103,8876419;3,691520086;8,12951E+13;0,2175;0,1997;4,114143517;70,4669526;1,522439475;11,25240958;6,108081953;8,03385E+13;2,172525813;4,53835E+13;5,93284E+13;25,90649316;346588653,6;3,698583916;1,447184753;72,39124214;45117640;44,06175;33351608,09;2306980;3505600;6;588441600;31867238;57,8594252;2,217164811;3,394423427;0,14493877;1,996714155;1,151723018;138,9393373;43440;56,14788278;3,63528E+11;4,02059E+11;7,95019E+13;110,9133597;0,749379061;0,202754949;129956069,1;26,92946025;3,34973E+12;3,33751E+12;4,110570288;3,653481619;7,77033E+13;115,548693;115,5663442;36,59%;29,11%;3,54%;32,70%;11,97%;67,30%;24,62%;7,11%;21,74%;103,69%;101%;20.586.732.440.000.000;18.410.425.799.000.000;7.547.858.925.000;3.805.469.093.000;3.742.389.807.000;3.410.073.507.000;4.140.188.594.000;115,548693;7,77033E+13
YR2018;11227;15259;5416;82;95,76479572;1.905,4573;36828232,25;4242447521;221165,7008;26967000000;1,320326591;0,183986047;10,82516976;47953427,48;36,90352074;728365199;18,15985765;114,1505245;168,0087774;54,34006209;89,407341;2,415040379;91,54566193;86,24694061;948165492;2,442766613;0,231197964;0,164087559;1,517008448;0,241267414;0,289205228;4070,667048;0,749444775;17,45058;1,124369979;16,9982;23,44631;196.497.495,7279;3,4239;2964932598;7602454161;3831514803;3768124182;4201371130;3399248682;4965495495;1959590864;674552619;11347,33585;8,62676E+13;61639532;1,89419E+13;122,5830684;0,742573375;1,046226259;38,42631912;76,01132965;101,5069809;2,846044024;8,62438E+13;0,2165;0,1988;4,136902399;69,5076206;1,476679529;12,94351615;4,544324297;8,53949E+13;2,148184314;4,6897E+13;6,26651E+13;26,38148945;301519073,5;3,726743405;1,421770291;72,57410224;45873850;43,93729;34041045,97;2296270;3513570;6;597468032;31962270;58,50324067;2,138546095;3,269672697;0,102889909;1,935413791;1,107443414;136,8242318;43554;57,69045807;3,95281E+11;4,34367E+11;6,8893E+13;91,66314649;0,656780841;0,192773107;129949282,7;27,35963668;3,43062E+12;3,38802E+12;3,927336001;2,414771964;6,82514E+13;95,7443854;95,76479572;36,46%;29,16%;3,56%;32,78%;11,95%;67,22%;24,51%;7,16%;21,83%;103,92%;101%;20.816.777.387.000.000;18.627.513.824.000.000;7.631.091.040.000;3.847.487.861.000;3.783.603.252.000;3.413.002.007.000;4.219.817.318.000;95,7443854;6,82514E+13
YR2019;11377;12680;4647;66;83,96275534;1.906,6315;39203774,39;4557605838;221495,7592;26933000000;1,3103;0,1857;10,8071;47.911.034,8180;36,8711;732.110.189,6667;17,88751537;118,3862954;171,9820372;54,46432964;89,63014221;2,401803511;91,72953033;86,478302;913301250;2,023632996;0,181667908;0,138982705;1,300663181;0,180666304;0,221652897;4.064,6504;0,764161528;17,6659;1,135429978;17,0105;23,4264;195.416.284,7715;3,4719;2.975.784.467,6667;7683372259;3872331143;3808228843;4280190216;3401355163;5012271607;1969227276;699061108;11397,086;8,75681E+13;62810832;1,84378E+13;125,4447173;1,293121121;1,696431805;39,41299057;76,1938324;101,7145386;2,592033639;8,75327E+13;0,2170;0,1992;4,084677113;70,18914637;1,366560199;12,21041722;1,723535921;8,6947E+13;2,18686376;4,8084E+13;6,37924E+13;26,4759828;370724395,8;3,720531036;1,34749032;72,74713164;45.180.547;43,73791;33.444.435;2.288.927;3.494.980;6;602458624;32652932;59,12593051;1,520327771;2,60087777;0,061969017;1,876032456;1,064368114;137,973;43248;56,32728432;3,99288E+11;4,44525E+11;7,88256E+13;108,1196082;0,535769155;0,191700113;129949282,7;27,15105586;3,53503E+12;3,51191E+12;4,01049273;3,043310988;6,11389E+13;83,94938261;83,96275534;36,47%;29,11%;3,58%;32,74%;11,94%;67,25%;24,53%;7,17%;21,90%;104,63%;100%;20.473.542.092.000.000;18.761.380.881.000.000;7.713.468.100.000;3.889.034.611.000;3.824.433.594.000;3.415.138.305.000;4.299.438.618.000;83,94938261;6,11389E+13
